Time,Ticker,latestPrice,latestVolume,Close,Open,low,high
10:10,YI,6.46,105,6.41,6.46,6.46,6.46
10:10,PIH,5.287,400,5.37,5.26,5.287,5.287
10:10,PIHPP,23.25,18,23.26,23.11,,
10:10,TURN,1.87,1064,1.86,1.87,1.87,1.87
10:10,FLWS,18.265,17813,18.21,18.29,18.1,18.38
10:10,BCOW,9.73,1151,9.73,9.74,9.7,9.73
10:10,FCCY,17.6,4,17.6,17.75,17.34,17.63
10:10,SRCE,44.95,2794,44.58,44.5,44.5,44.92
10:10,VNET,7.9,9191,7.91,7.93,7.81,8.01
10:10,TWOU,69.59,54225,68.13,68.23,68.05,69.63
10:10,QFIN,15.032,4991,15.565,15.04,14.99,15.04
10:10,TPNL,7.83,28022,7.93,7.94,7.9,7.965
10:10,JOBS,74.71,76531,73.68,73.58,73.33,74.9
10:10,EGHT,20.375,81171,20.14,20.17,20.16,20.37
10:10,AAON,45.19,28293,44.93,45,44.67,45.31
10:10,ABEO,7.21,31215,7.17,7.18,7.01,7.214
10:10,ABEOW,3.07,1700,3.07,2.84,2.653,3.07
10:10,ABIL,1.671,8696,1.68,1.68,1.665,1.68
10:10,ABMD,285.745,189380,276.39,277.75,275,282.07
10:10,AXAS,1.325,28571,1.33,1.31,1.31,1.34
10:10,ACIU,5.09,36680,5.02,5.02,5.01,5.09
10:10,ACIA,59.23,387769,55.35,56.59,56.03,58.79
10:10,ACTG,3.24,3288,3.2,3.2,3.24,3.25
10:10,ACHC,29.13,37879,29.2,29.16,29.03,29.42
10:10,ACAD,26.735,77075,26.24,26.27,26.27,26.8
10:10,ACAMU,10,200,10,10,10,10
10:10,ACST,1.03,74027,1.02,1.01,1.01,1.05
10:10,AXDX,20.705,7087,20.69,20.75,20.566,20.864
10:10,XLRN,44.58,26661,44.02,44.11,43.95,44.49
10:10,ARAY,4.675,38763,4.67,4.69,4.62,4.76
10:10,ACRX,3.295,265957,3.24,3.25,3.2,3.33
10:10,ACER,23.89,333,23.89,23.89,23.89,23.89
10:10,ACET,0.1617,213966,0.1629,0.1557,0.155,0.1648
10:10,AKAO,0.4615,312500,0.4713,0.48,0.4518,0.488
10:10,ACHV,3.1,10853,3.15,3.14,3.09,3.145
10:10,ACHN,2.955,86414,2.91,2.91,2.9,2.99
10:10,ACIW,32.94,23139,32.76,32.91,32.9,33.74
10:10,ACRS,6.13,19023,5.98,5.98,5.98,6.05
10:10,ACMR,15.08,5741,15.08,15.08,15.05,15.187
10:10,ACNB,36.12,501,35.8,36.12,36.12,36.12
10:10,ACOR,13.05,35109,13.04,13.07,12.89,13.14
10:10,ATVI,45.48,1193747,45.52,45.34,45.01,45.705
10:10,ADMS,7.3,42373,7.2,7.21,7.17,7.236
10:10,ADMP,2.05,29674,2.02,2.04,2.04,2.07
10:10,ADAP,4.005,16155,3.98,3.92,3.87,4.03
10:11,ADUS,62.27,9440,62.04,62.33,61.35,62.55
10:11,AEY,1.36,107,1.37,1.36,1.36,1.36
10:11,IOTS,5.99,4386,6.04,6.02,5.94,6.02
10:11,ADIL,2.94,7478,2.94,2.93,2.93,3.04
10:11,ADILW,0.36,2200,0.36,0.3501,0.3501,0.36
10:11,YI,6.375,1305,6.41,6.46,6.375,6.5
10:11,PIH,5.287,400,5.37,5.26,5.287,5.287
10:11,PIHPP,23.25,18,23.26,23.11,,
10:11,TURN,1.87,1064,1.86,1.87,1.87,1.87
10:11,FLWS,18.265,18013,18.21,18.29,18.1,18.38
10:11,BCOW,9.73,1151,9.73,9.74,9.7,9.73
10:11,FCCY,17.6,4,17.6,17.75,17.34,17.63
10:11,SRCE,44.95,2794,44.58,44.5,44.5,44.92
10:11,VNET,7.9,9191,7.91,7.93,7.81,8.01
10:11,TWOU,69.59,54225,68.13,68.23,68.05,69.63
10:11,QFIN,15.032,4991,15.565,15.04,14.99,15.04
10:11,TPNL,7.83,28022,7.93,7.94,7.9,7.965
10:11,JOBS,74.71,76531,73.68,73.58,73.33,74.9
10:11,EGHT,20.375,81171,20.14,20.17,20.16,20.37
10:11,AAON,45.19,28293,44.93,45,44.67,45.31
10:11,ABEO,7.21,36943,7.17,7.18,7.01,7.214
10:11,ABEOW,3.07,1700,3.07,2.84,2.653,3.07
10:11,ABIL,1.671,8696,1.68,1.68,1.665,1.68
10:11,ABMD,285.745,192145,276.39,277.75,275,282.07
10:11,AXAS,1.325,28571,1.33,1.31,1.31,1.34
10:11,ACIU,5.09,36680,5.02,5.02,5.01,5.09
10:11,ACIA,59.195,390965,55.35,56.59,56.03,58.79
10:11,ACTG,3.24,3288,3.2,3.2,3.24,3.25
10:11,ACHC,29.13,40541,29.2,29.16,29.03,29.42
10:11,ACAD,26.735,77075,26.24,26.27,26.27,26.8
10:11,ACAMU,10,200,10,10,10,10
10:11,ACST,1.03,74027,1.02,1.01,1.01,1.05
10:11,AXDX,20.705,7087,20.69,20.75,20.566,20.864
10:11,XLRN,44.58,26661,44.02,44.11,43.95,44.49
10:11,ARAY,4.675,38763,4.67,4.69,4.62,4.76
10:11,ACRX,3.295,271739,3.24,3.25,3.2,3.33
10:11,ACER,23.89,333,23.89,23.89,23.89,23.89
10:11,ACET,0.1617,213966,0.1629,0.1557,0.155,0.1648
10:11,AKAO,0.4611,312500,0.4713,0.48,0.4518,0.488
10:11,ACHV,3.1,10853,3.15,3.14,3.09,3.145
10:11,ACHN,2.955,86414,2.91,2.91,2.9,2.99
10:11,ACIW,32.94,23139,32.76,32.91,32.9,33.74
10:11,ACRS,6.13,19023,5.98,5.98,5.98,6.06
10:11,ACMR,15.08,5741,15.08,15.08,15.05,15.187
10:11,ACNB,36.12,501,35.8,36.12,36.12,36.12
10:11,ACOR,13.05,35109,13.04,13.07,12.89,13.14
10:11,ATVI,45.48,1199174,45.52,45.34,45.01,45.705
10:11,ADMS,7.3,42373,7.2,7.21,7.17,7.236
10:11,ADMP,2.05,29674,2.02,2.04,2.04,2.07
10:11,ADAP,4.005,17153,3.98,3.92,3.87,4.03
10:11,ADUS,62.27,9440,62.04,62.33,61.35,62.55
10:11,AEY,1.36,107,1.37,1.36,1.36,1.36
10:11,IOTS,5.99,4386,6.04,6.02,5.94,6.02
10:11,ADIL,2.94,7478,2.94,2.93,2.93,3.04
10:11,ADILW,0.36,2200,0.36,0.3501,0.3501,0.36
10:11,YI,6.375,1305,6.41,6.46,6.375,6.5
10:11,PIH,5.287,400,5.37,5.26,5.287,5.287
10:11,PIHPP,23.25,18,23.26,23.11,,
10:11,TURN,1.87,1064,1.86,1.87,1.87,1.87
10:11,FLWS,18.265,18114,18.21,18.29,18.1,18.38
10:11,BCOW,9.73,1151,9.73,9.74,9.7,9.73
10:11,FCCY,17.6,4,17.6,17.75,17.34,17.63
10:11,SRCE,44.95,2794,44.58,44.5,44.5,44.92
10:11,VNET,7.9,9191,7.91,7.93,7.81,8.01
10:11,TWOU,69.59,54545,68.13,68.23,68.05,69.63
10:11,QFIN,15.032,4991,15.565,15.04,14.99,15.04
10:11,TPNL,7.83,28022,7.93,7.94,7.9,7.965
10:11,JOBS,74.71,78125,73.68,73.58,73.33,74.9
10:11,EGHT,20.375,81712,20.14,20.17,20.16,20.37
10:11,AAON,45.19,28293,44.93,45,44.67,45.31
10:11,ABEO,7.21,36943,7.17,7.18,7.01,7.214
10:11,ABEOW,3.07,1700,3.07,2.84,2.653,3.07
10:11,ABIL,1.671,8696,1.68,1.68,1.665,1.68
10:11,ABMD,285.745,192345,276.39,277.75,275,282.07
10:11,AXAS,1.325,28571,1.33,1.31,1.31,1.34
10:11,ACIU,5.09,36680,5.02,5.02,5.01,5.09
10:11,ACIA,59.19,391573,55.35,56.59,56.03,58.79
10:11,ACTG,3.24,3288,3.2,3.2,3.24,3.25
10:11,ACHC,29.13,40541,29.2,29.16,29.03,29.42
10:11,ACAD,26.735,77075,26.24,26.27,26.27,26.8
10:11,ACAMU,10,200,10,10,10,10
10:11,ACST,1.03,74027,1.02,1.01,1.01,1.05
10:11,AXDX,20.705,7087,20.69,20.75,20.566,20.864
10:11,XLRN,44.58,26661,44.02,44.11,43.95,44.49
10:11,ARAY,4.675,38763,4.67,4.69,4.62,4.76
10:11,ACRX,3.295,271739,3.24,3.25,3.2,3.33
10:11,ACER,23.89,333,23.89,23.89,23.89,23.89
10:11,ACET,0.1617,213966,0.1629,0.1557,0.155,0.1648
10:11,AKAO,0.4611,312500,0.4713,0.48,0.4518,0.488
10:11,ACHV,3.09,11053,3.15,3.14,3.09,3.145
10:11,ACHN,2.955,86414,2.91,2.91,2.9,2.99
10:11,ACIW,32.94,23139,32.76,32.91,32.9,33.74
10:11,ACRS,6.13,19023,5.98,5.98,5.98,6.065
10:11,ACMR,15.08,5741,15.08,15.08,15.05,15.187
10:11,ACNB,36.12,501,35.8,36.12,36.12,36.12
10:11,ACOR,13.05,35109,13.04,13.07,12.89,13.14
10:11,ATVI,45.48,1202652,45.52,45.34,45.01,45.705
10:11,ADMS,7.3,42373,7.2,7.21,7.17,7.236
10:11,ADMP,2.05,29674,2.02,2.04,2.04,2.07
10:11,ADAP,4.005,17153,3.98,3.92,3.87,4.03
10:11,ADUS,62.27,9440,62.04,62.33,61.35,62.55
10:11,AEY,1.36,107,1.37,1.36,1.36,1.36
10:11,IOTS,5.99,4386,6.04,6.02,5.94,6.02
10:11,ADIL,2.94,7478,2.94,2.93,2.93,3.04
10:11,ADILW,0.36,2200,0.36,0.3501,0.3501,0.36
10:11,YI,6.375,1305,6.41,6.46,6.375,6.5
10:11,PIH,5.287,400,5.37,5.26,5.287,5.287
10:11,PIHPP,23.25,18,23.26,23.11,,
10:11,TURN,1.87,1064,1.86,1.87,1.87,1.87
10:11,FLWS,18.265,18114,18.21,18.29,18.1,18.38
10:11,BCOW,9.73,1151,9.73,9.74,9.7,9.73
10:11,FCCY,17.6,4,17.6,17.75,17.34,17.63
10:11,SRCE,44.95,2794,44.58,44.5,44.5,44.92
10:11,VNET,7.9,9191,7.91,7.93,7.81,8.01
10:11,TWOU,69.59,54545,68.13,68.23,68.05,69.63
10:11,QFIN,15.032,4991,15.565,15.04,14.99,15.04
10:11,TPNL,7.83,28022,7.93,7.94,7.9,7.965
10:11,JOBS,74.71,78125,73.68,73.58,73.33,74.9
10:11,EGHT,20.375,81712,20.14,20.17,20.16,20.37
10:11,AAON,45.19,28293,44.93,45,44.67,45.31
10:11,ABEO,7.21,36943,7.17,7.18,7.01,7.214
10:11,ABEOW,3.07,1700,3.07,2.84,2.653,3.07
10:11,ABIL,1.67,8696,1.68,1.68,1.665,1.68
10:11,ABMD,285.745,192680,276.39,277.75,275,282.07
10:11,AXAS,1.325,28571,1.33,1.31,1.31,1.34
10:11,ACIU,5.09,36680,5.02,5.02,5.01,5.09
10:11,ACIA,59.19,391573,55.35,56.59,56.03,58.79
10:11,ACTG,3.24,3288,3.2,3.2,3.24,3.25
10:11,ACHC,29.13,40541,29.2,29.16,29.03,29.42
10:11,ACAD,26.735,77075,26.24,26.27,26.27,26.8
10:11,ACAMU,10,200,10,10,10,10
10:11,ACST,1.03,74027,1.02,1.01,1.01,1.05
10:11,AXDX,20.705,7087,20.69,20.75,20.566,20.864
10:11,XLRN,44.58,26661,44.02,44.11,43.95,44.49
10:11,ARAY,4.675,38763,4.67,4.69,4.62,4.76
10:11,ACRX,3.295,284091,3.24,3.25,3.2,3.33
10:11,ACER,23.89,333,23.89,23.89,23.89,23.89
10:11,ACET,0.1617,213966,0.1629,0.1557,0.155,0.1648
10:11,AKAO,0.4611,312500,0.4713,0.48,0.4518,0.488
10:11,ACHV,3.09,11053,3.15,3.14,3.09,3.145
10:11,ACHN,2.955,86414,2.91,2.91,2.9,2.99
10:11,ACIW,32.94,23139,32.76,32.91,32.9,33.74
10:11,ACRS,6.13,19023,5.98,5.98,5.98,6.065
10:11,ACMR,15.08,5741,15.08,15.08,15.05,15.187
10:11,ACNB,36.12,501,35.8,36.12,36.12,36.12
10:11,ACOR,13.05,35109,13.04,13.07,12.89,13.14
10:11,ATVI,45.48,1204898,45.52,45.34,45.01,45.705
10:11,ADMS,7.3,47269,7.2,7.21,7.17,7.236
10:11,ADMP,2.05,29674,2.02,2.04,2.04,2.07
10:11,ADAP,4.005,17153,3.98,3.92,3.87,4.03
10:11,ADUS,62.27,9440,62.04,62.33,61.35,62.55
10:11,AEY,1.36,107,1.37,1.36,1.36,1.36
10:11,IOTS,5.99,4386,6.04,6.02,5.94,6.02
10:11,ADIL,2.94,7478,2.94,2.93,2.93,3.04
10:11,ADILW,0.36,2200,0.36,0.3501,0.3501,0.36
10:11,YI,6.375,1305,6.41,6.46,6.375,6.5
10:11,PIH,5.287,400,5.37,5.26,5.287,5.287
10:11,PIHPP,23.25,18,23.26,23.11,,
10:11,TURN,1.87,1064,1.86,1.87,1.87,1.87
10:11,FLWS,18.265,18114,18.21,18.29,18.1,18.38
10:11,BCOW,9.73,1151,9.73,9.74,9.7,9.73
10:11,FCCY,17.6,4,17.6,17.75,17.34,17.63
10:11,SRCE,44.95,2794,44.58,44.5,44.5,44.92
10:11,VNET,7.9,9191,7.91,7.93,7.81,8.01
10:11,TWOU,69.59,54545,68.13,68.23,68.05,69.63
10:11,QFIN,15.032,4991,15.565,15.04,14.99,15.04
10:11,TPNL,7.83,28022,7.93,7.94,7.9,7.965
10:11,JOBS,74.71,78125,73.68,73.58,73.33,74.9
10:11,EGHT,20.375,81712,20.14,20.17,20.16,20.37
10:11,AAON,45.19,28293,44.93,45,44.67,45.31
10:11,ABEO,7.21,36943,7.17,7.18,7.01,7.23
10:11,ABEOW,3.07,1700,3.07,2.84,2.653,3.07
10:11,ABIL,1.67,8696,1.68,1.68,1.665,1.68
10:11,ABMD,285.745,192949,276.39,277.75,275,282.07
10:11,AXAS,1.325,28571,1.33,1.31,1.31,1.34
10:11,ACIU,5.09,36680,5.02,5.02,5.01,5.09
10:11,ACIA,59.09,393162,55.35,56.59,56.03,58.79
10:11,ACTG,3.24,3288,3.2,3.2,3.24,3.25
10:11,ACHC,29.13,40541,29.2,29.16,29.03,29.42
10:11,ACAD,26.735,77075,26.24,26.27,26.27,26.8
10:11,ACAMU,10,200,10,10,10,10
10:11,ACST,1.03,74027,1.02,1.01,1.01,1.05
10:11,AXDX,20.705,7087,20.69,20.75,20.566,20.864
10:11,XLRN,44.58,26661,44.02,44.11,43.95,44.49
10:11,ARAY,4.675,38763,4.67,4.69,4.62,4.76
10:11,ACRX,3.295,284091,3.24,3.25,3.2,3.33
10:11,ACER,23.89,333,23.89,23.89,23.89,23.89
10:11,ACET,0.1617,213966,0.1629,0.1557,0.155,0.1648
10:11,AKAO,0.4611,312500,0.4713,0.48,0.4518,0.488
10:11,ACHV,3.09,11053,3.15,3.14,3.09,3.145
10:11,ACHN,2.955,87336,2.91,2.91,2.9,2.99
10:11,ACIW,32.94,23139,32.76,32.91,32.9,33.74
10:11,ACRS,6.13,20107,5.98,5.98,5.98,6.065
10:11,ACMR,15.08,5741,15.08,15.08,15.05,15.187
10:11,ACNB,36.12,501,35.8,36.12,36.12,36.12
10:11,ACOR,13.05,35211,13.04,13.07,12.89,13.14
10:11,ATVI,45.48,1210425,45.52,45.34,45.01,45.705
10:11,ADMS,7.3,47269,7.2,7.21,7.17,7.236
10:11,ADMP,2.05,29674,2.02,2.04,2.04,2.07
10:11,ADAP,4.005,17153,3.98,3.92,3.87,4.03
10:11,ADUS,62.27,9810,62.04,62.33,61.35,62.55
10:11,AEY,1.36,107,1.37,1.36,1.36,1.36
10:11,IOTS,5.99,4386,6.04,6.02,5.94,6.02
10:11,ADIL,2.94,7478,2.94,2.93,2.93,3.04
10:11,ADILW,0.36,2200,0.36,0.3501,0.3501,0.36
10:11,YI,6.375,1305,6.41,6.46,6.375,6.5
10:11,PIH,5.287,400,5.37,5.26,5.287,5.287
10:11,PIHPP,23.25,18,23.26,23.11,,
10:11,TURN,1.87,1064,1.86,1.87,1.87,1.87
10:11,FLWS,18.265,18114,18.21,18.29,18.1,18.38
10:11,BCOW,9.73,1151,9.73,9.74,9.7,9.73
10:11,FCCY,17.6,4,17.6,17.75,17.34,17.63
10:11,SRCE,44.95,2794,44.58,44.5,44.5,44.92
10:11,VNET,7.9,9191,7.91,7.93,7.81,8.01
10:11,TWOU,69.59,54545,68.13,68.23,68.05,69.63
10:11,QFIN,15.032,4991,15.565,15.04,14.99,15.04
10:11,TPNL,7.83,28022,7.93,7.94,7.9,7.965
10:11,JOBS,74.71,78125,73.68,73.58,73.33,74.9
10:11,EGHT,20.375,81712,20.14,20.17,20.16,20.37
10:11,AAON,45.19,28293,44.93,45,44.67,45.31
10:11,ABEO,7.21,37034,7.17,7.18,7.01,7.25
10:11,ABEOW,3.07,1700,3.07,2.84,2.653,3.07
10:11,ABIL,1.67,8696,1.68,1.68,1.665,1.68
10:11,ABMD,285.745,193761,276.39,277.75,275,282.07
10:11,AXAS,1.325,28571,1.33,1.31,1.31,1.34
10:11,ACIU,5.09,36680,5.02,5.02,5.01,5.09
10:11,ACIA,59.06,394936,55.35,56.59,56.03,58.79
10:11,ACTG,3.24,3288,3.2,3.2,3.24,3.25
10:11,ACHC,29.13,40541,29.2,29.16,29.03,29.42
10:11,ACAD,26.735,77075,26.24,26.27,26.27,26.8
10:11,ACAMU,10,200,10,10,10,10
10:11,ACST,1.03,74027,1.02,1.01,1.01,1.05
10:11,AXDX,20.705,7087,20.69,20.75,20.566,20.864
10:11,XLRN,44.58,26661,44.02,44.11,43.95,44.49
10:11,ARAY,4.675,38763,4.67,4.69,4.62,4.76
10:11,ACRX,3.295,284091,3.24,3.25,3.2,3.33
10:11,ACER,23.89,333,23.89,23.89,23.89,23.89
10:11,ACET,0.1617,213966,0.1629,0.1557,0.155,0.1648
10:11,AKAO,0.4611,312500,0.4713,0.48,0.4518,0.488
10:11,ACHV,3.09,11053,3.15,3.14,3.09,3.145
10:11,ACHN,2.955,87336,2.91,2.91,2.9,2.99
10:11,ACIW,32.94,23139,32.76,32.91,32.9,33.74
10:11,ACRS,6.13,20202,5.98,5.98,5.98,6.065
10:11,ACMR,15.08,6041,15.08,15.08,15.05,15.187
10:11,ACNB,36.12,501,35.8,36.12,36.12,36.12
10:11,ACOR,13.04,38870,13.04,13.07,12.89,13.14
10:11,ATVI,45.5,1218151,45.52,45.34,45.01,45.705
10:11,ADMS,7.3,47269,7.2,7.21,7.17,7.236
10:11,ADMP,2.05,29674,2.02,2.04,2.04,2.07
10:11,ADAP,4.005,17153,3.98,3.92,3.87,4.03
10:11,ADUS,62.27,10204,62.04,62.33,61.35,62.55
10:11,AEY,1.36,107,1.37,1.36,1.36,1.36
10:11,IOTS,5.99,4386,6.04,6.02,5.94,6.02
10:11,ADIL,2.94,7478,2.94,2.93,2.93,3.04
10:11,ADILW,0.36,2200,0.36,0.3501,0.3501,0.36
10:11,YI,6.375,1305,6.41,6.46,6.375,6.5
10:11,PIH,5.287,400,5.37,5.26,5.287,5.287
10:11,PIHPP,23.25,18,23.26,23.11,,
10:11,TURN,1.87,1064,1.86,1.87,1.87,1.87
10:11,FLWS,18.265,18114,18.21,18.29,18.1,18.38
10:11,BCOW,9.73,1151,9.73,9.74,9.7,9.73
10:11,FCCY,17.6,4,17.6,17.75,17.34,17.63
10:11,SRCE,44.95,2794,44.58,44.5,44.5,44.92
10:11,VNET,7.9,9191,7.91,7.93,7.81,8.01
10:11,TWOU,69.59,54545,68.13,68.23,68.05,69.63
10:11,QFIN,15.032,4991,15.565,15.04,14.99,15.04
10:11,TPNL,7.83,28022,7.93,7.94,7.9,7.965
10:11,JOBS,74.71,78125,73.68,73.58,73.33,74.9
10:11,EGHT,20.375,81712,20.14,20.17,20.16,20.37
10:11,AAON,45.19,28293,44.93,45,44.67,45.31
10:11,ABEO,7.21,37034,7.17,7.18,7.01,7.25
10:11,ABEOW,3.07,1700,3.07,2.84,2.653,3.07
10:11,ABIL,1.67,8696,1.68,1.68,1.665,1.68
10:11,ABMD,286.28,194103,276.39,277.75,275,282.07
10:11,AXAS,1.325,28571,1.33,1.31,1.31,1.34
10:11,ACIU,5.09,36680,5.02,5.02,5.01,5.09
10:11,ACIA,59.07,401702,55.35,56.59,56.03,58.86
10:11,ACTG,3.24,3288,3.2,3.2,3.24,3.25
10:11,ACHC,29.13,40541,29.2,29.16,29,29.42
10:11,ACAD,26.735,77075,26.24,26.27,26.27,26.8
10:11,ACAMU,10,200,10,10,10,10
10:11,ACST,1.03,74027,1.02,1.01,1.01,1.05
10:11,AXDX,20.705,7087,20.69,20.75,20.566,20.864
10:11,XLRN,44.58,26661,44.02,44.11,43.95,44.49
10:11,ARAY,4.675,38763,4.67,4.69,4.62,4.76
10:11,ACRX,3.295,284091,3.24,3.25,3.2,3.33
10:12,ACER,23.89,333,23.89,23.89,23.89,23.89
10:12,ACET,0.1617,213966,0.1629,0.1557,0.155,0.1648
10:12,AKAO,0.4611,312500,0.4713,0.48,0.4518,0.488
10:12,ACHV,3.09,11053,3.15,3.14,3.09,3.145
10:12,ACHN,2.955,87336,2.91,2.91,2.9,2.99
10:12,ACIW,32.94,23139,32.76,32.91,32.9,33.74
10:12,ACRS,6.13,20202,5.98,5.98,5.98,6.065
10:12,ACMR,15.08,6041,15.08,15.08,15.05,15.187
10:12,ACNB,36.12,501,35.8,36.12,36.12,36.12
10:12,ACOR,13.04,39515,13.04,13.07,12.89,13.14
10:12,ATVI,45.5,1218661,45.52,45.34,45.01,45.705
10:12,ADMS,7.3,47269,7.2,7.21,7.17,7.236
10:12,ADMP,2.05,29674,2.02,2.04,2.04,2.07
10:12,ADAP,4.005,17153,3.98,3.92,3.87,4.03
10:12,ADUS,62.27,10204,62.04,62.33,61.35,62.55
10:12,AEY,1.36,107,1.37,1.36,1.36,1.36
10:12,IOTS,5.99,4386,6.04,6.02,5.94,6.02
10:12,ADIL,2.94,7478,2.94,2.93,2.93,3.04
10:12,ADILW,0.36,2200,0.36,0.3501,0.3501,0.36
10:12,YI,6.36,1405,6.41,6.46,6.36,6.5
10:12,PIH,5.287,400,5.37,5.26,5.287,5.287
10:12,PIHPP,23.25,18,23.26,23.11,,
10:12,TURN,1.87,1064,1.86,1.87,1.87,1.87
10:12,FLWS,18.265,18114,18.21,18.29,18.1,18.38
10:12,BCOW,9.73,1151,9.73,9.74,9.7,9.73
10:12,FCCY,17.6,4,17.6,17.75,17.34,17.63
10:12,SRCE,44.95,2794,44.58,44.5,44.5,44.92
10:12,VNET,7.9,9191,7.91,7.93,7.81,8.01
10:12,TWOU,69.59,54545,68.13,68.23,68.05,69.63
10:12,QFIN,15.032,4991,15.565,15.04,14.99,15.04
10:12,TPNL,7.83,28022,7.93,7.94,7.9,7.965
10:12,JOBS,74.71,78125,73.68,73.58,73.33,74.9
10:12,EGHT,20.375,82817,20.14,20.17,20.16,20.37
10:12,AAON,45.19,28293,44.93,45,44.67,45.31
10:12,ABEO,7.21,37034,7.17,7.18,7.01,7.25
10:12,ABEOW,3.07,1700,3.07,2.84,2.653,3.07
10:12,ABIL,1.67,8696,1.68,1.68,1.665,1.68
10:12,ABMD,286.28,195949,276.39,277.75,275,282.07
10:12,AXAS,1.325,28571,1.33,1.31,1.31,1.34
10:12,ACIU,5.05,36680,5.02,5.02,5.01,5.09
10:12,ACIA,59.07,401702,55.35,56.59,56.03,58.92
10:12,ACTG,3.24,3288,3.2,3.2,3.24,3.25
10:12,ACHC,29.13,42343,29.2,29.16,29,29.42
10:12,ACAD,26.735,77075,26.24,26.27,26.27,26.8
10:12,ACAMU,10,200,10,10,10,10
10:12,ACST,1.033,79027,1.02,1.01,1.01,1.05
10:12,AXDX,20.705,7087,20.69,20.75,20.566,20.864
10:12,XLRN,44.65,26669,44.02,44.11,43.95,44.49
10:12,ARAY,4.675,39159,4.67,4.69,4.62,4.76
10:12,ACRX,3.325,287081,3.24,3.25,3.2,3.33
10:12,ACER,23.89,333,23.89,23.89,23.89,23.89
10:12,ACET,0.1617,213966,0.1629,0.1557,0.155,0.1648
10:12,AKAO,0.4611,312500,0.4713,0.48,0.4518,0.488
10:12,ACHV,3.09,11053,3.15,3.14,3.09,3.145
10:12,ACHN,2.955,87336,2.91,2.91,2.9,2.99
10:12,ACIW,32.94,23139,32.76,32.91,32.9,33.74
10:12,ACRS,6.1,20602,5.98,5.98,5.98,6.065
10:12,ACMR,15.08,6041,15.08,15.08,15.05,15.187
10:12,ACNB,36.12,501,35.8,36.12,36.12,36.12
10:12,ACOR,13.04,39515,13.04,13.07,12.89,13.14
10:12,ATVI,45.5,1223782,45.52,45.34,45.01,45.705
10:12,ADMS,7.3,52879,7.2,7.21,7.17,7.236
10:12,ADMP,2.05,29674,2.02,2.04,2.04,2.07
10:12,ADAP,4,17256,3.98,3.92,3.87,4.03
10:12,ADUS,62.27,10204,62.04,62.33,61.35,62.55
10:12,AEY,1.36,107,1.37,1.36,1.36,1.36
10:12,IOTS,5.99,4386,6.04,6.02,5.94,6.02
10:12,ADIL,2.94,7478,2.94,2.93,2.93,3.04
10:12,ADILW,0.36,2200,0.36,0.3501,0.3501,0.36
10:12,YI,6.36,1405,6.41,6.46,6.36,6.5
10:12,PIH,5.287,400,5.37,5.26,5.287,5.287
10:12,PIHPP,23.25,18,23.26,23.11,,
10:12,TURN,1.87,1064,1.86,1.87,1.87,1.87
10:12,FLWS,18.265,18114,18.21,18.29,18.1,18.38
10:12,BCOW,9.73,1151,9.73,9.74,9.7,9.73
10:12,FCCY,17.6,4,17.6,17.75,17.34,17.63
10:12,SRCE,44.95,2794,44.58,44.5,44.5,44.92
10:12,VNET,7.9,9191,7.91,7.93,7.81,8.01
10:12,TWOU,69.59,54545,68.13,68.23,68.05,69.63
10:12,QFIN,15.032,4991,15.565,15.04,14.99,15.04
10:12,TPNL,7.83,28022,7.93,7.94,7.9,7.965
10:12,JOBS,74.71,78125,73.68,73.58,73.33,74.9
10:12,EGHT,20.375,83428,20.14,20.17,20.16,20.37
10:12,AAON,45.19,28293,44.93,45,44.67,45.31
10:12,ABEO,7.21,37034,7.17,7.18,7.01,7.25
10:12,ABEOW,3.07,1700,3.07,2.84,2.653,3.07
10:12,ABIL,1.67,8696,1.68,1.68,1.665,1.68
10:12,ABMD,286.28,195949,276.39,277.75,275,282.07
10:12,AXAS,1.325,28571,1.33,1.31,1.31,1.34
10:12,ACIU,5.04,36680,5.02,5.02,5.01,5.09
10:12,ACIA,59.07,401702,55.35,56.59,56.03,58.95
10:12,ACTG,3.24,3288,3.2,3.2,3.24,3.25
10:12,ACHC,29.13,42343,29.2,29.16,29,29.42
10:12,ACAD,26.735,77075,26.24,26.27,26.27,26.8
10:12,ACAMU,10,200,10,10,10,10
10:12,ACST,1.033,79027,1.02,1.01,1.01,1.05
10:12,AXDX,20.705,7087,20.69,20.75,20.566,20.864
10:12,XLRN,44.65,26669,44.02,44.11,43.95,44.49
10:12,ARAY,4.675,39159,4.67,4.69,4.62,4.76
10:12,ACRX,3.325,287081,3.24,3.25,3.2,3.33
10:12,ACER,23.89,333,23.89,23.89,23.89,23.89
10:12,ACET,0.1617,213966,0.1629,0.1557,0.155,0.1648
10:12,AKAO,0.4611,312500,0.4713,0.48,0.4518,0.488
10:12,ACHV,3.09,11053,3.15,3.14,3.09,3.145
10:12,ACHN,2.955,87336,2.91,2.91,2.9,2.99
10:12,ACIW,32.94,23139,32.76,32.91,32.9,33.74
10:12,ACRS,6.1,20602,5.98,5.98,5.98,6.08
10:12,ACMR,15.08,6041,15.08,15.08,15.05,15.187
10:12,ACNB,36.12,501,35.8,36.12,36.12,36.12
10:12,ACOR,13.04,39620,13.04,13.07,12.89,13.14
10:12,ATVI,45.51,1230568,45.52,45.34,45.01,45.705
10:12,ADMS,7.3,52879,7.2,7.21,7.17,7.236
10:12,ADMP,2.05,29674,2.02,2.04,2.04,2.07
10:12,ADAP,4,17256,3.98,3.92,3.87,4.03
10:12,ADUS,62.27,10204,62.04,62.33,61.35,62.55
10:12,AEY,1.36,107,1.37,1.36,1.36,1.36
10:12,IOTS,5.99,4386,6.04,6.02,5.94,6.02
10:12,ADIL,2.94,9180,2.94,2.93,2.93,3.04
10:12,ADILW,0.36,2200,0.36,0.3501,0.3501,0.36
10:12,YI,6.36,1405,6.41,6.46,6.36,6.5
10:12,PIH,5.287,400,5.37,5.26,5.287,5.287
10:12,PIHPP,23.25,18,23.26,23.11,,
10:12,TURN,1.87,1064,1.86,1.87,1.87,1.87
10:12,FLWS,18.265,18114,18.21,18.29,18.1,18.38
10:12,BCOW,9.73,1151,9.73,9.74,9.7,9.73
10:12,FCCY,17.6,4,17.6,17.75,17.34,17.63
10:12,SRCE,44.95,2794,44.58,44.5,44.5,44.92
10:12,VNET,7.9,9191,7.91,7.93,7.81,8.01
10:12,TWOU,69.59,54545,68.13,68.23,68.05,69.63
10:12,QFIN,15.032,4991,15.565,15.04,14.99,15.04
10:12,TPNL,7.83,28022,7.93,7.94,7.9,7.965
10:12,JOBS,74.71,78125,73.68,73.58,73.33,74.9
10:12,EGHT,20.375,83428,20.14,20.17,20.16,20.37
10:12,AAON,45.19,28293,44.93,45,44.67,45.31
10:12,ABEO,7.21,37034,7.17,7.18,7.01,7.25
10:12,ABEOW,3.07,1700,3.07,2.84,2.653,3.07
10:12,ABIL,1.67,8696,1.68,1.68,1.665,1.68
10:12,ABMD,286.28,195949,276.39,277.75,275,282.07
10:12,AXAS,1.325,28571,1.33,1.31,1.31,1.34
10:12,ACIU,5.04,36680,5.02,5.02,5.01,5.09
10:12,ACIA,59.07,401702,55.35,56.59,56.03,58.99
10:12,ACTG,3.24,3288,3.2,3.2,3.24,3.25
10:12,ACHC,29.13,42343,29.2,29.16,29,29.42
10:12,ACAD,26.735,77075,26.24,26.27,26.27,26.8
10:12,ACAMU,10,200,10,10,10,10
10:12,ACST,1.033,79027,1.02,1.01,1.01,1.05
10:12,AXDX,20.705,7087,20.69,20.75,20.566,20.864
10:12,XLRN,44.65,26680,44.02,44.11,43.95,44.49
10:12,ARAY,4.675,39159,4.67,4.69,4.62,4.76
10:12,ACRX,3.325,287081,3.24,3.25,3.2,3.33
10:12,ACER,23.89,333,23.89,23.89,23.89,23.89
10:12,ACET,0.1617,213966,0.1629,0.1557,0.155,0.1648
10:12,AKAO,0.4611,312500,0.4713,0.48,0.4518,0.488
10:12,ACHV,3.09,11053,3.15,3.14,3.09,3.145
10:12,ACHN,2.955,87336,2.91,2.91,2.9,2.99
10:12,ACIW,32.94,23139,32.76,32.91,32.9,33.74
10:12,ACRS,6.1,20602,5.98,5.98,5.98,6.08
10:12,ACMR,15.08,6041,15.08,15.08,15.05,15.187
10:12,ACNB,36.12,501,35.8,36.12,36.12,36.12
10:12,ACOR,13.04,40442,13.04,13.07,12.89,13.14
10:12,ATVI,45.52,1234617,45.52,45.34,45.01,45.705
10:12,ADMS,7.3,59920,7.2,7.21,7.17,7.236
10:12,ADMP,2.05,29674,2.02,2.04,2.04,2.07
10:12,ADAP,4,17256,3.98,3.92,3.87,4.03
10:12,ADUS,62.27,10204,62.04,62.33,61.35,62.55
10:12,AEY,1.36,107,1.37,1.36,1.36,1.36
10:12,IOTS,5.99,4386,6.04,6.02,5.94,6.02
10:12,ADIL,2.94,9180,2.94,2.93,2.93,3.04
10:12,ADILW,0.36,2200,0.36,0.3501,0.3501,0.36
10:12,YI,6.36,1405,6.41,6.46,6.36,6.5
10:12,PIH,5.287,400,5.37,5.26,5.287,5.287
10:12,PIHPP,23.25,18,23.26,23.11,,
10:12,TURN,1.87,1064,1.86,1.87,1.87,1.87
10:12,FLWS,18.265,18114,18.21,18.29,18.1,18.38
10:12,BCOW,9.73,1151,9.73,9.74,9.7,9.73
10:12,FCCY,17.6,4,17.6,17.75,17.34,17.63
10:12,SRCE,44.95,2794,44.58,44.5,44.5,44.92
10:12,VNET,7.9,9191,7.91,7.93,7.81,8.01
10:12,TWOU,69.64,59009,68.13,68.23,68.05,69.63
10:12,QFIN,15.032,4991,15.565,15.04,14.99,15.04
10:12,TPNL,7.83,32599,7.93,7.94,7.9,7.965
10:12,JOBS,74.71,78125,73.68,73.58,73.33,74.9
10:12,EGHT,20.375,83428,20.14,20.17,20.16,20.37
10:12,AAON,45.19,28293,44.93,45,44.67,45.31
10:12,ABEO,7.21,37034,7.17,7.18,7.01,7.25
10:12,ABEOW,3.07,1700,3.07,2.84,2.653,3.07
10:12,ABIL,1.67,8696,1.68,1.68,1.665,1.68
10:12,ABMD,286.28,195949,276.39,277.75,275,282.07
10:12,AXAS,1.325,28571,1.33,1.31,1.31,1.34
10:12,ACIU,5.04,38480,5.02,5.02,5.01,5.09
10:12,ACIA,59.07,401702,55.35,56.59,56.03,58.99
10:12,ACTG,3.24,3288,3.2,3.2,3.24,3.25
10:12,ACHC,29.13,42343,29.2,29.16,29,29.42
10:12,ACAD,26.735,77075,26.24,26.27,26.27,26.8
10:12,ACAMU,10,200,10,10,10,10
10:12,ACST,1.033,79027,1.02,1.01,1.01,1.05
10:12,AXDX,20.705,7087,20.69,20.75,20.566,20.864
10:12,XLRN,44.65,26680,44.02,44.11,43.95,44.49
10:12,ARAY,4.675,39364,4.67,4.69,4.62,4.76
10:12,ACRX,3.325,287081,3.24,3.25,3.2,3.33
10:12,ACER,23.89,333,23.89,23.89,23.89,23.89
10:12,ACET,0.1617,213966,0.1629,0.1557,0.155,0.1648
10:12,AKAO,0.4611,312500,0.4713,0.48,0.4518,0.488
10:12,ACHV,3.09,11053,3.15,3.14,3.09,3.145
10:12,ACHN,2.955,92736,2.91,2.91,2.9,2.99
10:12,ACIW,32.94,23139,32.76,32.91,32.9,33.74
10:12,ACRS,6.1,20602,5.98,5.98,5.98,6.08
10:12,ACMR,15.08,6041,15.08,15.08,15.05,15.187
10:12,ACNB,36.12,501,35.8,36.12,36.12,36.12
10:12,ACOR,13.04,40442,13.04,13.07,12.89,13.14
10:12,ATVI,45.52,1238320,45.52,45.34,45.01,45.705
10:12,ADMS,7.3,59920,7.2,7.21,7.17,7.236
10:12,ADMP,2.05,29674,2.02,2.04,2.04,2.07
10:12,ADAP,4,17256,3.98,3.92,3.87,4.03
10:12,ADUS,62.27,10616,62.04,62.33,61.35,62.55
10:12,AEY,1.36,107,1.37,1.36,1.36,1.36
10:12,IOTS,5.99,4386,6.04,6.02,5.94,6.02
10:12,ADIL,2.94,9180,2.94,2.93,2.93,3.04
10:12,ADILW,0.36,2200,0.36,0.3501,0.3501,0.36
10:12,YI,6.36,1405,6.41,6.46,6.36,6.5
10:12,PIH,5.287,400,5.37,5.26,5.287,5.287
10:12,PIHPP,23.25,18,23.26,23.11,,
10:12,TURN,1.87,1064,1.86,1.87,1.87,1.87
10:12,FLWS,18.265,18114,18.21,18.29,18.1,18.38
10:12,BCOW,9.73,1151,9.73,9.74,9.7,9.73
10:12,FCCY,17.6,4,17.6,17.75,17.34,17.63
10:12,SRCE,44.95,2794,44.58,44.5,44.5,44.92
10:12,VNET,7.9,9191,7.91,7.93,7.81,8.01
10:12,TWOU,69.64,59009,68.13,68.23,68.05,69.63
10:12,QFIN,15.032,4991,15.565,15.04,14.99,15.04
10:12,TPNL,7.83,32599,7.93,7.94,7.9,7.965
10:12,JOBS,74.71,78125,73.68,73.58,73.33,74.9
10:12,EGHT,20.375,83428,20.14,20.17,20.16,20.37
10:12,AAON,45.19,28293,44.93,45,44.67,45.31
10:12,ABEO,7.21,38240,7.17,7.18,7.01,7.25
10:12,ABEOW,3.07,1700,3.07,2.84,2.653,3.07
10:12,ABIL,1.67,8696,1.68,1.68,1.665,1.68
10:12,ABMD,285.935,196905,276.39,277.75,275,282.07
10:12,AXAS,1.325,28571,1.33,1.31,1.31,1.34
10:12,ACIU,5.04,38480,5.02,5.02,5.01,5.09
10:12,ACIA,59.07,401702,55.35,56.59,56.03,58.99
10:12,ACTG,3.24,3388,3.2,3.2,3.24,3.25
10:12,ACHC,29.13,42343,29.2,29.16,28.965,29.42
10:12,ACAD,26.735,77075,26.24,26.27,26.27,26.8
10:12,ACAMU,10,200,10,10,10,10
10:12,ACST,1.033,79027,1.02,1.01,1.01,1.05
10:12,AXDX,20.705,7087,20.69,20.75,20.566,20.864
10:12,XLRN,44.65,26680,44.02,44.11,43.95,44.49
10:12,ARAY,4.675,39364,4.67,4.69,4.62,4.76
10:12,ACRX,3.325,287081,3.24,3.25,3.2,3.33
10:12,ACER,23.89,333,23.89,23.89,23.89,23.89
10:12,ACET,0.1617,213966,0.1629,0.1557,0.155,0.1648
10:12,AKAO,0.4611,312500,0.4713,0.48,0.4518,0.488
10:12,ACHV,3.09,11053,3.15,3.14,3.09,3.145
10:12,ACHN,2.955,92736,2.91,2.91,2.9,2.99
10:12,ACIW,32.94,23139,32.76,32.91,32.9,33.74
10:12,ACRS,6.1,20602,5.98,5.98,5.98,6.08
10:12,ACMR,15.08,6041,15.08,15.08,15.05,15.187
10:12,ACNB,36.12,501,35.8,36.12,36.12,36.12
10:12,ACOR,13.04,40442,13.04,13.07,12.89,13.14
10:12,ATVI,45.52,1242046,45.52,45.34,45.01,45.705
10:12,ADMS,7.275,63364,7.2,7.21,7.17,7.236
10:12,ADMP,2.05,29674,2.02,2.04,2.04,2.07
10:12,ADAP,4,17256,3.98,3.92,3.87,4.03
10:12,ADUS,62.27,10616,62.04,62.33,61.35,62.55
10:12,AEY,1.36,107,1.37,1.36,1.36,1.36
10:12,IOTS,5.99,4386,6.04,6.02,5.94,6.02
10:12,ADIL,2.97,9180,2.94,2.93,2.93,3.04
10:12,ADILW,0.36,2200,0.36,0.3501,0.3501,0.36
10:12,YI,6.36,1405,6.41,6.46,6.36,6.5
10:12,PIH,5.287,400,5.37,5.26,5.287,5.287
10:12,PIHPP,23.25,18,23.26,23.11,,
10:12,TURN,1.87,1064,1.86,1.87,1.87,1.87
10:12,FLWS,18.265,18114,18.21,18.29,18.1,18.38
10:12,BCOW,9.73,1151,9.73,9.74,9.7,9.73
10:13,FCCY,17.6,4,17.6,17.75,17.34,17.63
10:13,SRCE,44.95,2794,44.58,44.5,44.5,44.92
10:13,VNET,7.875,9191,7.91,7.93,7.81,8.01
10:13,TWOU,69.64,59009,68.13,68.23,68.05,69.63
10:13,QFIN,15.032,4991,15.565,15.04,14.99,15.04
10:13,TPNL,7.83,32599,7.93,7.94,7.9,7.965
10:13,JOBS,74.71,78125,73.68,73.58,73.33,74.9
10:13,EGHT,20.375,83428,20.14,20.17,20.16,20.37
10:13,AAON,45.19,28293,44.93,45,44.67,45.31
10:13,ABEO,7.21,38240,7.17,7.18,7.01,7.25
10:13,ABEOW,3.07,1700,3.07,2.84,2.653,3.07
10:13,ABIL,1.67,8696,1.68,1.68,1.665,1.68
10:13,ABMD,285.935,197455,276.39,277.75,275,282.07
10:13,AXAS,1.325,28571,1.33,1.31,1.31,1.34
10:13,ACIU,5.04,38480,5.02,5.02,5.01,5.09
10:13,ACIA,59.07,401702,55.35,56.59,56.03,59
10:13,ACTG,3.24,3388,3.2,3.2,3.24,3.25
10:13,ACHC,29.13,42343,29.2,29.16,28.965,29.42
10:13,ACAD,26.725,78783,26.24,26.27,26.27,26.8
10:13,ACAMU,10,200,10,10,10,10
10:13,ACST,1.033,79027,1.02,1.01,1.01,1.05
10:13,AXDX,20.705,7087,20.69,20.75,20.566,20.864
10:13,XLRN,44.65,27479,44.02,44.11,43.95,44.49
10:13,ARAY,4.675,43035,4.67,4.69,4.62,4.76
10:13,ACRX,3.325,287081,3.24,3.25,3.2,3.33
10:13,ACER,23.89,333,23.89,23.89,23.89,23.89
10:13,ACET,0.1617,213966,0.1629,0.1557,0.155,0.1648
10:13,AKAO,0.4611,312500,0.4713,0.48,0.4518,0.488
10:13,ACHV,3.09,11053,3.15,3.14,3.09,3.145
10:13,ACHN,2.955,100334,2.91,2.91,2.9,2.99
10:13,ACIW,32.94,23139,32.76,32.91,32.9,33.74
10:13,ACRS,6.1,21001,5.98,5.98,5.98,6.08
10:13,ACMR,15.08,6041,15.08,15.08,15.05,15.187
10:13,ACNB,36.12,501,35.8,36.12,36.12,36.12
10:13,ACOR,13.04,40442,13.04,13.07,12.89,13.14
10:13,ATVI,45.52,1249092,45.52,45.34,45.01,45.705
10:13,ADMS,7.275,63364,7.2,7.21,7.17,7.236
10:13,ADMP,2.07,29774,2.02,2.04,2.04,2.07
10:13,ADAP,4,17256,3.98,3.92,3.87,4.03
10:13,ADUS,62.27,10616,62.04,62.33,61.35,62.55
10:13,AEY,1.36,107,1.37,1.36,1.36,1.36
10:13,IOTS,5.99,4386,6.04,6.02,5.94,6.02
10:13,ADIL,2.97,9180,2.94,2.93,2.93,3.04
10:13,ADILW,0.36,2200,0.36,0.3501,0.3501,0.36
10:13,YI,6.36,1405,6.41,6.46,6.36,6.5
10:13,PIH,5.287,400,5.37,5.26,5.287,5.287
10:13,PIHPP,23.25,18,23.26,23.11,,
10:13,TURN,1.87,1064,1.86,1.87,1.87,1.87
10:13,FLWS,18.265,18114,18.21,18.29,18.1,18.38
10:13,BCOW,9.73,1151,9.73,9.74,9.7,9.73
10:13,FCCY,17.6,4,17.6,17.75,17.34,17.63
10:13,SRCE,44.95,2794,44.58,44.5,44.5,44.92
10:13,VNET,7.875,9737,7.91,7.93,7.81,8.01
10:13,TWOU,69.64,59009,68.13,68.23,68.05,69.63
10:13,QFIN,15.032,4991,15.565,15.04,14.99,15.04
10:13,TPNL,7.83,32599,7.93,7.94,7.9,7.965
10:13,JOBS,74.71,78125,73.68,73.58,73.33,74.9
10:13,EGHT,20.375,83428,20.14,20.17,20.16,20.37
10:13,AAON,45.19,28293,44.93,45,44.67,45.31
10:13,ABEO,7.21,38240,7.17,7.18,7.01,7.25
10:13,ABEOW,3.07,1700,3.07,2.84,2.653,3.07
10:13,ABIL,1.67,8696,1.68,1.68,1.665,1.68
10:13,ABMD,285.11,199690,276.39,277.75,275,282.07
10:13,AXAS,1.325,28571,1.33,1.31,1.31,1.34
10:13,ACIU,5.04,38480,5.02,5.02,5.01,5.09
10:13,ACIA,58.82,414830,55.35,56.59,56.03,59.18
10:13,ACTG,3.24,3388,3.2,3.2,3.24,3.25
10:13,ACHC,29.13,42343,29.2,29.16,28.96,29.42
10:13,ACAD,26.725,78783,26.24,26.27,26.27,26.8
10:13,ACAMU,10,200,10,10,10,10
10:13,ACST,1.033,79027,1.02,1.01,1.01,1.05
10:13,AXDX,20.705,7087,20.69,20.75,20.566,20.864
10:13,XLRN,44.65,27479,44.02,44.11,43.95,44.49
10:13,ARAY,4.66,49295,4.67,4.69,4.62,4.76
10:13,ACRX,3.325,287081,3.24,3.25,3.2,3.33
10:13,ACER,23.89,333,23.89,23.89,23.89,23.89
10:13,ACET,0.1617,213966,0.1629,0.1557,0.155,0.1648
10:13,AKAO,0.4611,312500,0.4713,0.48,0.4518,0.488
10:13,ACHV,3.09,11053,3.15,3.14,3.09,3.145
10:13,ACHN,2.955,100334,2.91,2.91,2.9,2.99
10:13,ACIW,32.94,23139,32.76,32.91,32.9,33.74
10:13,ACRS,6.1,21001,5.98,5.98,5.98,6.08
10:13,ACMR,15.08,6042,15.08,15.08,15.05,15.187
10:13,ACNB,36.12,501,35.8,36.12,36.12,36.12
10:13,ACOR,13.04,40442,13.04,13.07,12.89,13.14
10:13,ATVI,45.52,1251459,45.52,45.34,45.01,45.705
10:13,ADMS,7.275,63364,7.2,7.21,7.17,7.24
10:13,ADMP,2.07,29774,2.02,2.04,2.04,2.07
10:13,ADAP,4,17346,3.98,3.92,3.87,4.03
10:13,ADUS,62.27,10616,62.04,62.33,61.35,62.55
10:13,AEY,1.36,107,1.37,1.36,1.36,1.36
10:13,IOTS,5.99,4386,6.04,6.02,5.94,6.02
10:13,ADIL,2.99,9180,2.94,2.93,2.93,3.04
10:13,ADILW,0.36,2200,0.36,0.3501,0.3501,0.36
10:13,YI,6.36,1405,6.41,6.46,6.36,6.5
10:13,PIH,5.287,400,5.37,5.26,5.287,5.287
10:13,PIHPP,23.25,18,23.26,23.11,,
10:13,TURN,1.87,1064,1.86,1.87,1.87,1.87
10:13,FLWS,18.265,18114,18.21,18.29,18.1,18.38
10:13,BCOW,9.73,1151,9.73,9.74,9.7,9.73
10:13,FCCY,17.6,4,17.6,17.75,17.34,17.63
10:13,SRCE,44.95,2794,44.58,44.5,44.5,44.92
10:13,VNET,7.87,9737,7.91,7.93,7.81,8.01
10:13,TWOU,69.64,59009,68.13,68.23,68.05,69.63
10:13,QFIN,15.032,4991,15.565,15.04,14.99,15.04
10:13,TPNL,7.83,32599,7.93,7.94,7.9,7.965
10:13,JOBS,74.71,78125,73.68,73.58,73.33,74.9
10:13,EGHT,20.375,83428,20.14,20.17,20.16,20.37
10:13,AAON,45.19,28293,44.93,45,44.67,45.31
10:13,ABEO,7.21,38240,7.17,7.18,7.01,7.25
10:13,ABEOW,3.07,1700,3.07,2.84,2.653,3.07
10:13,ABIL,1.67,8696,1.68,1.68,1.665,1.68
10:13,ABMD,285.01,204600,276.39,277.75,275,282.07
10:13,AXAS,1.325,28571,1.33,1.31,1.31,1.34
10:13,ACIU,5.04,38480,5.02,5.02,5.01,5.09
10:13,ACIA,58.82,414830,55.35,56.59,56.03,59.18
10:13,ACTG,3.24,3488,3.2,3.2,3.24,3.25
10:13,ACHC,29.13,42343,29.2,29.16,28.96,29.42
10:13,ACAD,26.725,78883,26.24,26.27,26.27,26.8
10:13,ACAMU,10,200,10,10,10,10
10:13,ACST,1.033,79027,1.02,1.01,1.01,1.05
10:13,AXDX,20.705,7087,20.69,20.75,20.566,20.864
10:13,XLRN,44.65,27479,44.02,44.11,43.95,44.49
10:13,ARAY,4.66,49295,4.67,4.69,4.62,4.76
10:13,ACRX,3.325,287081,3.24,3.25,3.2,3.33
10:13,ACER,23.89,333,23.89,23.89,23.89,23.89
10:13,ACET,0.1617,213966,0.1629,0.1557,0.155,0.1648
10:13,AKAO,0.4611,312500,0.4713,0.48,0.4518,0.488
10:13,ACHV,3.09,11053,3.15,3.14,3.09,3.145
10:13,ACHN,2.955,100446,2.91,2.91,2.9,2.99
10:13,ACIW,32.94,23139,32.76,32.91,32.9,33.74
10:13,ACRS,6.1,21001,5.98,5.98,5.98,6.08
10:13,ACMR,15.08,6042,15.08,15.08,15.05,15.187
10:13,ACNB,36.12,501,35.8,36.12,36.12,36.12
10:13,ACOR,13.04,40442,13.04,13.07,12.89,13.14
10:13,ATVI,45.52,1256697,45.52,45.34,45.01,45.705
10:13,ADMS,7.275,63364,7.2,7.21,7.17,7.24
10:13,ADMP,2.07,29774,2.02,2.04,2.04,2.07
10:13,ADAP,4,17346,3.98,3.92,3.87,4.03
10:13,ADUS,62.27,10616,62.04,62.33,61.35,62.55
10:13,AEY,1.36,107,1.37,1.36,1.36,1.36
10:13,IOTS,5.99,4386,6.04,6.02,5.94,6.02
10:13,ADIL,2.99,9180,2.94,2.93,2.93,3.04
10:13,ADILW,0.36,2200,0.36,0.3501,0.3501,0.36
10:13,YI,6.36,1405,6.41,6.46,6.36,6.5
10:13,PIH,5.287,400,5.37,5.26,5.287,5.287
10:13,PIHPP,23.25,18,23.26,23.11,,
10:13,TURN,1.87,1064,1.86,1.87,1.87,1.87
10:13,FLWS,18.265,18114,18.21,18.29,18.1,18.38
10:13,BCOW,9.73,1151,9.73,9.74,9.7,9.73
10:13,FCCY,17.6,4,17.6,17.75,17.34,17.63
10:13,SRCE,44.95,2794,44.58,44.5,44.5,44.92
10:13,VNET,7.87,9737,7.91,7.93,7.81,8.01
10:13,TWOU,69.64,59009,68.13,68.23,68.05,69.63
10:13,QFIN,15.032,4991,15.565,15.04,14.99,15.04
10:13,TPNL,7.83,32599,7.93,7.94,7.9,7.965
10:13,JOBS,74.71,78125,73.68,73.58,73.33,74.9
10:13,EGHT,20.375,83428,20.14,20.17,20.16,20.37
10:13,AAON,45.19,28293,44.93,45,44.67,45.31
10:13,ABEO,7.21,38240,7.17,7.18,7.01,7.25
10:13,ABEOW,3.07,1700,3.07,2.84,2.653,3.07
10:13,ABIL,1.68,8696,1.68,1.68,1.665,1.68
10:13,ABMD,285.01,213340,276.39,277.75,275,282.47
10:13,AXAS,1.325,28571,1.33,1.31,1.31,1.34
10:13,ACIU,5.04,38480,5.02,5.02,5.01,5.09
10:13,ACIA,58.82,418296,55.35,56.59,56.03,59.18
10:13,ACTG,3.24,3488,3.2,3.2,3.24,3.25
10:13,ACHC,29.13,42343,29.2,29.16,28.96,29.42
10:13,ACAD,26.725,78883,26.24,26.27,26.27,26.8
10:13,ACAMU,10,200,10,10,10,10
10:13,ACST,1.033,79027,1.02,1.01,1.01,1.05
10:13,AXDX,20.705,7087,20.69,20.75,20.566,20.864
10:13,XLRN,44.65,27479,44.02,44.11,43.95,44.49
10:13,ARAY,4.66,49295,4.67,4.69,4.62,4.76
10:13,ACRX,3.325,289855,3.24,3.25,3.2,3.33
10:13,ACER,23.89,333,23.89,23.89,23.89,23.89
10:13,ACET,0.1617,213966,0.1629,0.1557,0.155,0.1648
10:13,AKAO,0.4611,312500,0.4713,0.48,0.4518,0.488
10:13,ACHV,3.09,11053,3.15,3.14,3.09,3.145
10:13,ACHN,2.955,100446,2.91,2.91,2.9,2.99
10:13,ACIW,32.94,23139,32.76,32.91,32.9,33.74
10:13,ACRS,6.1,21001,5.98,5.98,5.98,6.08
10:13,ACMR,15.08,6042,15.08,15.08,15.05,15.187
10:13,ACNB,36.12,501,35.8,36.12,36.12,36.12
10:13,ACOR,13.04,40442,13.04,13.07,12.89,13.14
10:13,ATVI,45.52,1261016,45.52,45.34,45.01,45.705
10:13,ADMS,7.275,63364,7.2,7.21,7.17,7.24
10:13,ADMP,2.07,29774,2.02,2.04,2.04,2.07
10:13,ADAP,4,17346,3.98,3.92,3.87,4.03
10:13,ADUS,62.27,11028,62.04,62.33,61.35,62.55
10:13,AEY,1.36,107,1.37,1.36,1.36,1.36
10:13,IOTS,5.99,4386,6.04,6.02,5.94,6.02
10:13,ADIL,2.99,9180,2.94,2.93,2.93,3.04
10:13,ADILW,0.36,2200,0.36,0.3501,0.3501,0.36
10:13,YI,6.36,1405,6.41,6.46,6.36,6.5
10:13,PIH,5.287,400,5.37,5.26,5.287,5.287
10:13,PIHPP,23.25,18,23.26,23.11,,
10:13,TURN,1.87,1064,1.86,1.87,1.87,1.87
10:13,FLWS,18.265,18114,18.21,18.29,18.1,18.38
10:13,BCOW,9.73,1151,9.73,9.74,9.7,9.73
10:13,FCCY,17.6,4,17.6,17.75,17.34,17.63
10:13,SRCE,44.95,2794,44.58,44.5,44.5,44.92
10:13,VNET,7.87,9737,7.91,7.93,7.81,8.01
10:13,TWOU,69.57,60017,68.13,68.23,68.05,69.63
10:13,QFIN,15.032,4991,15.565,15.04,14.99,15.04
10:13,TPNL,7.83,32599,7.93,7.94,7.9,7.965
10:13,JOBS,74.71,78125,73.68,73.58,73.33,74.9
10:13,EGHT,20.375,83428,20.14,20.17,20.16,20.37
10:13,AAON,45.19,28293,44.93,45,44.67,45.31
10:13,ABEO,7.21,38240,7.17,7.18,7.01,7.25
10:13,ABEOW,3.07,1700,3.07,2.84,2.653,3.07
10:13,ABIL,1.68,8696,1.68,1.68,1.665,1.68
10:13,ABMD,285.07,213552,276.39,277.75,275,282.47
10:13,AXAS,1.325,28571,1.33,1.31,1.31,1.34
10:13,ACIU,5.04,38480,5.02,5.02,5.01,5.09
10:13,ACIA,58.82,429417,55.35,56.59,56.03,59.18
10:13,ACTG,3.24,3488,3.2,3.2,3.24,3.25
10:13,ACHC,29.13,42343,29.2,29.16,28.96,29.42
10:13,ACAD,26.725,78883,26.24,26.27,26.27,26.8
10:13,ACAMU,10,200,10,10,10,10
10:13,ACST,1.033,79027,1.02,1.01,1.01,1.05
10:13,AXDX,20.705,7087,20.69,20.75,20.566,20.864
10:13,XLRN,44.65,27479,44.02,44.11,43.95,44.49
10:13,ARAY,4.66,50292,4.67,4.69,4.62,4.76
10:13,ACRX,3.325,289855,3.24,3.25,3.2,3.33
10:13,ACER,23.89,333,23.89,23.89,23.89,23.89
10:13,ACET,0.1617,213966,0.1629,0.1557,0.155,0.1648
10:13,AKAO,0.4611,312500,0.4713,0.48,0.4518,0.488
10:13,ACHV,3.09,11053,3.15,3.14,3.09,3.145
10:13,ACHN,2.955,100446,2.91,2.91,2.9,2.99
10:13,ACIW,32.94,23139,32.76,32.91,32.9,33.74
10:13,ACRS,6.1,21001,5.98,5.98,5.98,6.08
10:13,ACMR,15.06,6142,15.08,15.08,15.05,15.187
10:13,ACNB,36.12,501,35.8,36.12,36.12,36.12
10:13,ACOR,13.04,40442,13.04,13.07,12.89,13.14
10:13,ATVI,45.52,1261016,45.52,45.34,45.01,45.705
10:13,ADMS,7.275,63364,7.2,7.21,7.17,7.24
10:13,ADMP,2.07,29774,2.02,2.04,2.04,2.07
10:13,ADAP,4,17346,3.98,3.92,3.87,4.03
10:13,ADUS,62.27,11448,62.04,62.33,61.35,62.55
10:13,AEY,1.36,107,1.37,1.36,1.36,1.36
10:13,IOTS,5.99,4386,6.04,6.02,5.94,6.02
10:13,ADIL,2.99,9180,2.94,2.93,2.93,3.04
10:13,ADILW,0.36,2200,0.36,0.3501,0.3501,0.36
10:13,YI,6.36,1405,6.41,6.46,6.36,6.5
10:13,PIH,5.287,400,5.37,5.26,5.287,5.287
10:13,PIHPP,23.25,18,23.26,23.11,,
10:13,TURN,1.87,1064,1.86,1.87,1.87,1.87
10:13,FLWS,18.265,18114,18.21,18.29,18.1,18.38
10:13,BCOW,9.73,1151,9.73,9.74,9.7,9.73
10:13,FCCY,17.6,4,17.6,17.75,17.34,17.63
10:13,SRCE,44.95,2794,44.58,44.5,44.5,44.92
10:13,VNET,7.87,9737,7.91,7.93,7.81,8.01
10:13,TWOU,69.57,60017,68.13,68.23,68.05,69.63
10:13,QFIN,15.032,4991,15.565,15.04,14.99,15.04
10:13,TPNL,7.83,32599,7.93,7.94,7.9,7.965
10:13,JOBS,74.71,78125,73.68,73.58,73.33,74.9
10:13,EGHT,20.375,83428,20.14,20.17,20.16,20.37
10:13,AAON,45.19,28293,44.93,45,44.67,45.31
10:13,ABEO,7.21,38240,7.17,7.18,7.01,7.25
10:13,ABEOW,3.07,1700,3.07,2.84,2.653,3.07
10:13,ABIL,1.68,8696,1.68,1.68,1.665,1.68
10:13,ABMD,285.07,213994,276.39,277.75,275,283
10:13,AXAS,1.325,28571,1.33,1.31,1.31,1.34
10:13,ACIU,5.04,38480,5.02,5.02,5.01,5.09
10:13,ACIA,58.82,429601,55.35,56.59,56.03,59.2
10:13,ACTG,3.24,3488,3.2,3.2,3.24,3.25
10:13,ACHC,29.18,43681,29.2,29.16,28.96,29.42
10:13,ACAD,26.725,78883,26.24,26.27,26.27,26.8
10:13,ACAMU,10,200,10,10,10,10
10:13,ACST,1.033,79027,1.02,1.01,1.01,1.05
10:13,AXDX,20.705,7087,20.69,20.75,20.566,20.864
10:13,XLRN,44.65,27479,44.02,44.11,43.95,44.49
10:13,ARAY,4.66,50390,4.67,4.69,4.62,4.76
10:13,ACRX,3.325,289855,3.24,3.25,3.2,3.33
10:13,ACER,23.89,333,23.89,23.89,23.89,23.89
10:13,ACET,0.1617,213966,0.1629,0.1557,0.155,0.1648
10:13,AKAO,0.4611,312500,0.4713,0.48,0.4518,0.488
10:13,ACHV,3.09,11053,3.15,3.14,3.09,3.145
10:14,ACHN,2.955,100446,2.91,2.91,2.9,2.99
10:14,ACIW,32.94,23639,32.76,32.91,32.9,33.74
10:14,ACRS,6.1,21001,5.98,5.98,5.98,6.08
10:14,ACMR,15.06,6142,15.08,15.08,15.05,15.187
10:14,ACNB,36.12,501,35.8,36.12,36.12,36.12
10:14,ACOR,13.04,41345,13.04,13.07,12.89,13.14
10:14,ATVI,45.52,1276121,45.52,45.34,45.01,45.705
10:14,ADMS,7.275,63364,7.2,7.21,7.17,7.24
10:14,ADMP,2.07,29774,2.02,2.04,2.04,2.07
10:14,ADAP,4,17746,3.98,3.92,3.87,4.03
10:14,ADUS,62.27,11448,62.04,62.33,61.35,62.55
10:14,AEY,1.36,107,1.37,1.36,1.36,1.36
10:14,IOTS,5.99,4386,6.04,6.02,5.94,6.02
10:14,ADIL,2.99,9180,2.94,2.93,2.93,3.04
10:14,ADILW,0.36,2200,0.36,0.3501,0.3501,0.36
10:14,YI,6.35,1605,6.41,6.46,6.35,6.5
10:14,PIH,5.287,400,5.37,5.26,5.287,5.287
10:14,PIHPP,23.25,18,23.26,23.11,,
10:14,TURN,1.87,1064,1.86,1.87,1.87,1.87
10:14,FLWS,18.265,18683,18.21,18.29,18.1,18.38
10:14,BCOW,9.73,1151,9.73,9.74,9.7,9.73
10:14,FCCY,17.6,4,17.6,17.75,17.34,17.63
10:14,SRCE,44.95,2794,44.58,44.5,44.5,44.92
10:14,VNET,7.87,9737,7.91,7.93,7.81,8.01
10:14,TWOU,69.57,60017,68.13,68.23,68.05,69.63
10:14,QFIN,15.032,4991,15.565,15.04,14.99,15.04
10:14,TPNL,7.83,32599,7.93,7.94,7.9,7.965
10:14,JOBS,74.71,78125,73.68,73.58,73.33,74.9
10:14,EGHT,20.375,85020,20.14,20.17,20.16,20.37
10:14,AAON,45.19,28293,44.93,45,44.67,45.31
10:14,ABEO,7.21,38240,7.17,7.18,7.01,7.27
10:14,ABEOW,3.07,1700,3.07,2.84,2.653,3.07
10:14,ABIL,1.68,8696,1.68,1.68,1.665,1.68
10:14,ABMD,285.07,214439,276.39,277.75,275,283
10:14,AXAS,1.325,28571,1.33,1.31,1.31,1.34
10:14,ACIU,5.04,38480,5.02,5.02,5.01,5.09
10:14,ACIA,58.66,431152,55.35,56.59,56.03,59.33
10:14,ACTG,3.24,3488,3.2,3.2,3.24,3.25
10:14,ACHC,29.185,43789,29.2,29.16,28.96,29.42
10:14,ACAD,26.725,78883,26.24,26.27,26.27,26.8
10:14,ACAMU,10,200,10,10,10,10
10:14,ACST,1.033,79027,1.02,1.01,1.01,1.05
10:14,AXDX,20.705,7087,20.69,20.75,20.566,20.864
10:14,XLRN,44.65,27479,44.02,44.11,43.95,44.49
10:14,ARAY,4.66,50390,4.67,4.69,4.62,4.76
10:14,ACRX,3.325,289855,3.24,3.25,3.2,3.33
10:14,ACER,23.89,333,23.89,23.89,23.89,23.89
10:14,ACET,0.1617,213966,0.1629,0.1557,0.155,0.1648
10:14,AKAO,0.4611,312500,0.4713,0.48,0.4518,0.488
10:14,ACHV,3.09,11053,3.15,3.14,3.09,3.145
10:14,ACHN,2.955,100446,2.91,2.91,2.9,2.99
10:14,ACIW,32.88,25432,32.76,32.91,32.9,33.74
10:14,ACRS,6.1,21001,5.98,5.98,5.98,6.1
10:14,ACMR,15.12,6277,15.08,15.08,15.05,15.187
10:14,ACNB,36.12,501,35.8,36.12,36.12,36.12
10:14,ACOR,13.04,42541,13.04,13.07,12.89,13.14
10:14,ATVI,45.52,1277602,45.52,45.34,45.01,45.705
10:14,ADMS,7.275,63364,7.2,7.21,7.17,7.28
10:14,ADMP,2.07,29774,2.02,2.04,2.04,2.07
10:14,ADAP,4,17746,3.98,3.92,3.87,4.03
10:14,ADUS,62.27,11448,62.04,62.33,61.35,62.55
10:14,AEY,1.36,107,1.37,1.36,1.36,1.36
10:14,IOTS,5.99,4386,6.04,6.02,5.94,6.02
10:14,ADIL,2.91,9180,2.94,2.93,2.91,3.04
10:14,ADILW,0.36,2200,0.36,0.3501,0.3501,0.36
10:14,YI,6.35,1605,6.41,6.46,6.35,6.5
10:14,PIH,5.287,400,5.37,5.26,5.287,5.287
10:14,PIHPP,23.25,18,23.26,23.11,,
10:14,TURN,1.87,1064,1.86,1.87,1.87,1.87
10:14,FLWS,18.265,19331,18.21,18.29,18.1,18.38
10:14,BCOW,9.73,1151,9.73,9.74,9.7,9.73
10:14,FCCY,17.6,4,17.6,17.75,17.34,17.63
10:14,SRCE,44.95,2794,44.58,44.5,44.5,44.92
10:14,VNET,7.87,9737,7.91,7.93,7.81,8.01
10:14,TWOU,69.57,60017,68.13,68.23,68.05,69.63
10:14,QFIN,15.032,4991,15.565,15.04,14.99,15.04
10:14,TPNL,7.83,32599,7.93,7.94,7.9,7.965
10:14,JOBS,74.71,78125,73.68,73.58,73.33,74.9
10:14,EGHT,20.375,85119,20.14,20.17,20.16,20.37
10:14,AAON,45.19,30503,44.93,45,44.67,45.31
10:14,ABEO,7.21,38240,7.17,7.18,7.01,7.27
10:14,ABEOW,3.07,1700,3.07,2.84,2.653,3.07
10:14,ABIL,1.672,8696,1.68,1.68,1.665,1.68
10:14,ABMD,285.07,214439,276.39,277.75,275,283
10:14,AXAS,1.325,28571,1.33,1.31,1.31,1.34
10:14,ACIU,5.04,38480,5.02,5.02,5.01,5.09
10:14,ACIA,58.66,431152,55.35,56.59,56.03,59.33
10:14,ACTG,3.24,3488,3.2,3.2,3.24,3.25
10:14,ACHC,29.185,44275,29.2,29.16,28.96,29.42
10:14,ACAD,26.725,78883,26.24,26.27,26.27,26.8
10:14,ACAMU,10,200,10,10,10,10
10:14,ACST,1.033,79027,1.02,1.01,1.01,1.05
10:14,AXDX,20.705,7087,20.69,20.75,20.566,20.864
10:14,XLRN,44.65,27479,44.02,44.11,43.95,44.49
10:14,ARAY,4.66,50390,4.67,4.69,4.62,4.76
10:14,ACRX,3.325,289855,3.24,3.25,3.2,3.33
10:14,ACER,23.89,333,23.89,23.89,23.89,23.89
10:14,ACET,0.1617,213966,0.1629,0.1557,0.155,0.1648
10:14,AKAO,0.4611,312500,0.4713,0.48,0.4518,0.488
10:14,ACHV,3.09,11053,3.15,3.14,3.09,3.145
10:14,ACHN,2.955,100446,2.91,2.91,2.9,2.99
10:14,ACIW,32.88,26132,32.76,32.91,32.9,33.74
10:14,ACRS,6.08,22422,5.98,5.98,5.98,6.1
10:14,ACMR,15.12,6277,15.08,15.08,15.05,15.187
10:14,ACNB,36.12,501,35.8,36.12,36.12,36.12
10:14,ACOR,13.04,42541,13.04,13.07,12.89,13.14
10:14,ATVI,45.52,1278096,45.52,45.34,45.01,45.705
10:14,ADMS,7.275,63364,7.2,7.21,7.17,7.28
10:14,ADMP,2.07,29774,2.02,2.04,2.04,2.07
10:14,ADAP,4,17746,3.98,3.92,3.87,4.03
10:14,ADUS,62.27,11448,62.04,62.33,61.35,62.55
10:14,AEY,1.36,107,1.37,1.36,1.36,1.36
10:14,IOTS,5.99,4386,6.04,6.02,5.94,6.02
10:14,ADIL,2.98,9180,2.94,2.93,2.91,3.04
10:14,ADILW,0.36,2200,0.36,0.3501,0.3501,0.36
10:14,YI,6.35,1605,6.41,6.46,6.35,6.5
10:14,PIH,5.287,400,5.37,5.26,5.287,5.287
10:14,PIHPP,23.25,18,23.26,23.11,,
10:14,TURN,1.87,1064,1.86,1.87,1.87,1.87
10:14,FLWS,18.265,19331,18.21,18.29,18.1,18.38
10:14,BCOW,9.73,1151,9.73,9.74,9.7,9.73
10:14,FCCY,17.6,4,17.6,17.75,17.34,17.63
10:14,SRCE,44.95,2794,44.58,44.5,44.5,44.92
10:14,VNET,7.85,10870,7.91,7.93,7.81,8.01
10:14,TWOU,69.57,60017,68.13,68.23,68.05,69.63
10:14,QFIN,15.032,4992,15.565,15.04,14.99,15.04
10:14,TPNL,7.83,32599,7.93,7.94,7.9,7.965
10:14,JOBS,74.71,78125,73.68,73.58,73.33,74.9
10:14,EGHT,20.375,85119,20.14,20.17,20.16,20.37
10:14,AAON,45.19,30503,44.93,45,44.67,45.31
10:14,ABEO,7.21,38240,7.17,7.18,7.01,7.27
10:14,ABEOW,3.07,1700,3.07,2.84,2.653,3.07
10:14,ABIL,1.672,8696,1.68,1.68,1.665,1.68
10:14,ABMD,285.07,214439,276.39,277.75,275,283
10:14,AXAS,1.325,28571,1.33,1.31,1.31,1.34
10:14,ACIU,5.04,38480,5.02,5.02,5.01,5.09
10:14,ACIA,58.66,431152,55.35,56.59,56.03,59.33
10:14,ACTG,3.24,3488,3.2,3.2,3.24,3.25
10:14,ACHC,29.185,44275,29.2,29.16,28.96,29.42
10:14,ACAD,26.725,78883,26.24,26.27,26.27,26.8
10:14,ACAMU,10,200,10,10,10,10
10:14,ACST,1.033,79027,1.02,1.01,1.01,1.05
10:14,AXDX,20.705,7087,20.69,20.75,20.566,20.864
10:14,XLRN,44.65,27479,44.02,44.11,43.95,44.49
10:14,ARAY,4.66,50390,4.67,4.69,4.62,4.76
10:14,ACRX,3.325,289855,3.24,3.25,3.2,3.33
10:14,ACER,23.89,333,23.89,23.89,23.89,23.89
10:14,ACET,0.1617,213966,0.1629,0.1557,0.155,0.1648
10:14,AKAO,0.4611,312500,0.4713,0.48,0.4518,0.488
10:14,ACHV,3.09,11053,3.15,3.14,3.09,3.145
10:14,ACHN,2.955,100446,2.91,2.91,2.9,2.99
10:14,ACIW,32.88,26132,32.76,32.91,32.9,33.74
10:14,ACRS,6.08,22523,5.98,5.98,5.98,6.13
10:14,ACMR,15.12,6277,15.08,15.08,15.05,15.187
10:14,ACNB,36.12,501,35.8,36.12,36.12,36.12
10:14,ACOR,13.04,42541,13.04,13.07,12.89,13.14
10:14,ATVI,45.475,1280479,45.52,45.34,45.01,45.705
10:14,ADMS,7.275,63364,7.2,7.21,7.17,7.28
10:14,ADMP,2.07,29774,2.02,2.04,2.04,2.07
10:14,ADAP,4,17746,3.98,3.92,3.87,4.03
10:14,ADUS,62.27,11448,62.04,62.33,61.35,62.55
10:14,AEY,1.36,107,1.37,1.36,1.36,1.36
10:14,IOTS,5.99,4386,6.04,6.02,5.94,6.02
10:14,ADIL,2.98,9180,2.94,2.93,2.91,3.04
10:14,ADILW,0.36,2200,0.36,0.3501,0.3501,0.36
10:14,YI,6.35,1605,6.41,6.46,6.35,6.5
10:14,PIH,5.287,400,5.37,5.26,5.287,5.287
10:14,PIHPP,23.25,18,23.26,23.11,,
10:14,TURN,1.87,1064,1.86,1.87,1.87,1.87
10:14,FLWS,18.265,19331,18.21,18.29,18.1,18.38
10:14,BCOW,9.73,1151,9.73,9.74,9.7,9.73
10:14,FCCY,17.6,4,17.6,17.75,17.34,17.63
10:14,SRCE,44.95,2794,44.58,44.5,44.5,44.92
10:14,VNET,7.85,10870,7.91,7.93,7.81,8.01
10:14,TWOU,69.57,60017,68.13,68.23,68.05,69.63
10:14,QFIN,15.032,4992,15.565,15.04,14.99,15.04
10:14,TPNL,7.83,32599,7.93,7.94,7.9,7.965
10:14,JOBS,74.71,78125,73.68,73.58,73.33,74.9
10:14,EGHT,20.375,85119,20.14,20.17,20.16,20.37
10:14,AAON,45.19,30503,44.93,45,44.67,45.31
10:14,ABEO,7.21,38240,7.17,7.18,7.01,7.27
10:14,ABEOW,3.07,1700,3.07,2.84,2.653,3.07
10:14,ABIL,1.672,8696,1.68,1.68,1.665,1.68
10:14,ABMD,285.07,217298,276.39,277.75,275,283.72
10:14,AXAS,1.325,28571,1.33,1.31,1.31,1.34
10:14,ACIU,5.04,38480,5.02,5.02,5.01,5.09
10:14,ACIA,58.66,431152,55.35,56.59,56.03,59.33
10:14,ACTG,3.24,3488,3.2,3.2,3.24,3.25
10:14,ACHC,29.185,44275,29.2,29.16,28.96,29.42
10:14,ACAD,26.725,78883,26.24,26.27,26.27,26.8
10:14,ACAMU,10,200,10,10,10,10
10:14,ACST,1.033,79027,1.02,1.01,1.01,1.05
10:14,AXDX,20.705,7087,20.69,20.75,20.566,20.864
10:14,XLRN,44.65,27479,44.02,44.11,43.95,44.49
10:14,ARAY,4.66,50399,4.67,4.69,4.62,4.76
10:14,ACRX,3.325,289855,3.24,3.25,3.2,3.33
10:14,ACER,23.89,333,23.89,23.89,23.89,23.89
10:14,ACET,0.1617,213966,0.1629,0.1557,0.155,0.1648
10:14,AKAO,0.4611,312500,0.4713,0.48,0.4518,0.488
10:14,ACHV,3.09,11053,3.15,3.14,3.09,3.145
10:14,ACHN,2.955,100446,2.91,2.91,2.9,2.99
10:14,ACIW,32.88,26132,32.76,32.91,32.9,33.74
10:14,ACRS,6.08,22523,5.98,5.98,5.98,6.13
10:14,ACMR,15.12,6277,15.08,15.08,15.05,15.187
10:14,ACNB,36.12,501,35.8,36.12,36.12,36.12
10:14,ACOR,13.04,42541,13.04,13.07,12.89,13.14
10:14,ATVI,45.475,1280974,45.52,45.34,45.01,45.705
10:14,ADMS,7.275,63364,7.2,7.21,7.17,7.28
10:14,ADMP,2.07,29774,2.02,2.04,2.04,2.07
10:14,ADAP,4,17746,3.98,3.92,3.87,4.03
10:14,ADUS,62.27,11978,62.04,62.33,61.35,62.55
10:14,AEY,1.36,107,1.37,1.36,1.36,1.36
10:14,IOTS,5.99,4386,6.04,6.02,5.94,6.02
10:14,ADIL,2.98,9180,2.94,2.93,2.91,3.04
10:14,ADILW,0.36,2200,0.36,0.3501,0.3501,0.36
10:14,YI,6.35,1605,6.41,6.46,6.35,6.5
10:14,PIH,5.287,400,5.37,5.26,5.287,5.287
10:14,PIHPP,23.25,18,23.26,23.11,,
10:14,TURN,1.87,1064,1.86,1.87,1.87,1.87
10:14,FLWS,18.265,19331,18.21,18.29,18.1,18.38
10:14,BCOW,9.73,1151,9.73,9.74,9.7,9.73
10:14,FCCY,17.6,4,17.6,17.75,17.34,17.63
10:14,SRCE,44.95,2794,44.58,44.5,44.5,44.92
10:14,VNET,7.85,11382,7.91,7.93,7.81,8.01
10:14,TWOU,69.57,60017,68.13,68.23,68.05,69.63
10:14,QFIN,15.032,4992,15.565,15.04,14.99,15.04
10:14,TPNL,7.83,37204,7.93,7.94,7.9,7.965
10:14,JOBS,74.71,78125,73.68,73.58,73.33,74.9
10:14,EGHT,20.375,85119,20.14,20.17,20.16,20.37
10:14,AAON,45.19,30503,44.93,45,44.67,45.31
10:14,ABEO,7.24,38250,7.17,7.18,7.01,7.27
10:14,ABEOW,3.07,1700,3.07,2.84,2.653,3.07
10:14,ABIL,1.672,8696,1.68,1.68,1.665,1.68
10:14,ABMD,285.07,217298,276.39,277.75,275,283.72
10:14,AXAS,1.325,28571,1.33,1.31,1.31,1.34
10:14,ACIU,5.04,38480,5.02,5.02,5.01,5.09
10:14,ACIA,58.66,431152,55.35,56.59,56.03,59.33
10:14,ACTG,3.24,3488,3.2,3.2,3.24,3.25
10:14,ACHC,29.185,44275,29.2,29.16,28.96,29.42
10:14,ACAD,26.725,78883,26.24,26.27,26.27,26.8
10:14,ACAMU,10,200,10,10,10,10
10:14,ACST,1.033,79027,1.02,1.01,1.01,1.05
10:14,AXDX,20.705,7087,20.69,20.75,20.566,20.864
10:14,XLRN,44.65,27479,44.02,44.11,43.95,44.49
10:14,ARAY,4.66,50399,4.67,4.69,4.62,4.76
10:14,ACRX,3.325,289855,3.24,3.25,3.2,3.33
10:14,ACER,23.89,333,23.89,23.89,23.89,23.89
10:14,ACET,0.1617,213966,0.1629,0.1557,0.155,0.1648
10:14,AKAO,0.4611,312500,0.4713,0.48,0.4518,0.488
10:14,ACHV,3.091,11253,3.15,3.14,3.09,3.145
10:14,ACHN,2.955,100446,2.91,2.91,2.9,2.99
10:14,ACIW,32.88,26132,32.76,32.91,32.9,33.74
10:14,ACRS,6.08,24467,5.98,5.98,5.98,6.13
10:14,ACMR,15.12,6277,15.08,15.08,15.05,15.187
10:14,ACNB,36.12,501,35.8,36.12,36.12,36.12
10:14,ACOR,13.04,42541,13.04,13.07,12.89,13.14
10:14,ATVI,45.475,1282462,45.52,45.34,45.01,45.705
10:14,ADMS,7.275,63364,7.2,7.21,7.17,7.28
10:14,ADMP,2.07,29774,2.02,2.04,2.04,2.07
10:14,ADAP,4,17746,3.98,3.92,3.87,4.03
10:14,ADUS,62.27,11978,62.04,62.33,61.35,62.55
10:14,AEY,1.36,107,1.37,1.36,1.36,1.36
10:14,IOTS,5.99,4386,6.04,6.02,5.94,6.02
10:14,ADIL,2.98,9180,2.94,2.93,2.91,3.04
10:14,ADILW,0.36,2200,0.36,0.3501,0.3501,0.36
10:14,YI,6.35,1605,6.41,6.46,6.35,6.5
10:14,PIH,5.287,400,5.37,5.26,5.287,5.287
10:14,PIHPP,23.25,18,23.26,23.11,,
10:14,TURN,1.87,1064,1.86,1.87,1.87,1.87
10:14,FLWS,18.265,19331,18.21,18.29,18.1,18.38
10:14,BCOW,9.73,1151,9.73,9.74,9.7,9.73
10:14,FCCY,17.6,4,17.6,17.75,17.34,17.63
10:14,SRCE,44.95,2794,44.58,44.5,44.5,44.92
10:14,VNET,7.85,11382,7.91,7.93,7.81,8.01
10:14,TWOU,69.57,60017,68.13,68.23,68.05,69.63
10:14,QFIN,15.032,4992,15.565,15.04,14.99,15.04
10:14,TPNL,7.83,37204,7.93,7.94,7.9,7.965
10:14,JOBS,74.71,82645,73.68,73.58,73.33,74.9
10:14,EGHT,20.375,85217,20.14,20.17,20.16,20.37
10:14,AAON,45.19,30503,44.93,45,44.67,45.31
10:14,ABEO,7.24,38250,7.17,7.18,7.01,7.27
10:14,ABEOW,3.07,1700,3.07,2.84,2.653,3.07
10:14,ABIL,1.672,8696,1.68,1.68,1.665,1.68
10:14,ABMD,285.07,217298,276.39,277.75,275,283.72
10:14,AXAS,1.325,28571,1.33,1.31,1.31,1.34
10:14,ACIU,5.04,38480,5.02,5.02,5.01,5.09
10:15,ACIA,58.8,439455,55.35,56.59,56.03,59.33
10:15,ACTG,3.24,3488,3.2,3.2,3.24,3.25
10:15,ACHC,29.185,44275,29.2,29.16,28.96,29.42
10:15,ACAD,26.725,78897,26.24,26.27,26.27,26.8
10:15,ACAMU,10,200,10,10,10,10
10:15,ACST,1.033,79027,1.02,1.01,1.01,1.05
10:15,AXDX,20.705,7087,20.69,20.75,20.566,20.864
10:15,XLRN,44.65,27479,44.02,44.11,43.95,44.49
10:15,ARAY,4.66,50399,4.67,4.69,4.62,4.76
10:15,ACRX,3.325,289855,3.24,3.25,3.2,3.33
10:15,ACER,23.89,333,23.89,23.89,23.89,23.89
10:15,ACET,0.1617,213966,0.1629,0.1557,0.155,0.1648
10:15,AKAO,0.4611,312500,0.4713,0.48,0.4518,0.488
10:15,ACHV,3.091,11253,3.15,3.14,3.09,3.145
10:15,ACHN,2.955,100446,2.91,2.91,2.9,2.99
10:15,ACIW,32.88,26132,32.76,32.91,32.9,33.74
10:15,ACRS,6.07,26076,5.98,5.98,5.98,6.13
10:15,ACMR,15.12,6277,15.08,15.08,15.05,15.187
10:15,ACNB,36.12,501,35.8,36.12,36.12,36.12
10:15,ACOR,13.04,42541,13.04,13.07,12.89,13.14
10:15,ATVI,45.415,1286563,45.52,45.34,45.01,45.705
10:15,ADMS,7.275,63364,7.2,7.21,7.17,7.28
10:15,ADMP,2.05,30774,2.02,2.04,2.04,2.07
10:15,ADAP,4,17746,3.98,3.92,3.87,4.03
10:15,ADUS,62.27,11978,62.04,62.33,61.35,62.55
10:15,AEY,1.36,107,1.37,1.36,1.36,1.36
10:15,IOTS,5.99,4386,6.04,6.02,5.94,6.02
10:15,ADIL,2.97,9180,2.94,2.93,2.91,3.04
10:15,ADILW,0.36,2200,0.36,0.3501,0.3501,0.36
10:15,YI,6.35,1605,6.41,6.46,6.35,6.5
10:15,PIH,5.287,400,5.37,5.26,5.287,5.287
10:15,PIHPP,23.25,18,23.26,23.11,,
10:15,TURN,1.87,1064,1.86,1.87,1.87,1.87
10:15,FLWS,18.265,19331,18.21,18.29,18.1,18.38
10:15,BCOW,9.73,1151,9.73,9.74,9.7,9.73
10:15,FCCY,17.6,4,17.6,17.75,17.34,17.63
10:15,SRCE,44.95,2794,44.58,44.5,44.5,44.92
10:15,VNET,7.86,11478,7.91,7.93,7.81,8.01
10:15,TWOU,69.57,60017,68.13,68.23,68.05,69.63
10:15,QFIN,15.032,4992,15.565,15.04,14.99,15.04
10:15,TPNL,7.83,37204,7.93,7.94,7.9,7.965
10:15,JOBS,74.71,82645,73.68,73.58,73.33,74.9
10:15,EGHT,20.375,85217,20.14,20.17,20.16,20.37
10:15,AAON,45.19,30503,44.93,45,44.67,45.31
10:15,ABEO,7.24,38250,7.17,7.18,7.01,7.27
10:15,ABEOW,3.07,1700,3.07,2.84,2.653,3.07
10:15,ABIL,1.672,8696,1.68,1.68,1.665,1.68
10:15,ABMD,285.07,217298,276.39,277.75,275,283.87
10:15,AXAS,1.325,30303,1.33,1.31,1.31,1.34
10:15,ACIU,5.04,38480,5.02,5.02,5.01,5.09
10:15,ACIA,58.92,442020,55.35,56.59,56.03,59.33
10:15,ACTG,3.24,3488,3.2,3.2,3.24,3.25
10:15,ACHC,29.185,44275,29.2,29.16,28.96,29.42
10:15,ACAD,26.725,78897,26.24,26.27,26.27,26.8
10:15,ACAMU,10,200,10,10,10,10
10:15,ACST,1.033,79027,1.02,1.01,1.01,1.05
10:15,AXDX,20.705,7087,20.69,20.75,20.566,20.864
10:15,XLRN,44.65,27479,44.02,44.11,43.95,44.49
10:15,ARAY,4.66,50716,4.67,4.69,4.62,4.76
10:15,ACRX,3.325,289855,3.24,3.25,3.2,3.33
10:15,ACER,23.89,333,23.89,23.89,23.89,23.89
10:15,ACET,0.1617,213966,0.1629,0.1557,0.155,0.1648
10:15,AKAO,0.4611,312500,0.4713,0.48,0.4518,0.488
10:15,ACHV,3.091,11253,3.15,3.14,3.09,3.145
10:15,ACHN,2.955,100446,2.91,2.91,2.9,2.99
10:15,ACIW,32.88,26132,32.76,32.91,32.9,33.74
10:15,ACRS,6.07,26076,5.98,5.98,5.98,6.15
10:15,ACMR,15.12,6277,15.08,15.08,15.05,15.187
10:15,ACNB,36.12,501,35.8,36.12,36.12,36.12
10:15,ACOR,13.04,42541,13.04,13.07,12.89,13.14
10:15,ATVI,45.415,1287602,45.52,45.34,45.01,45.705
10:15,ADMS,7.275,63364,7.2,7.21,7.17,7.28
10:15,ADMP,2.05,30774,2.02,2.04,2.04,2.07
10:15,ADAP,4,17746,3.98,3.92,3.87,4.03
10:15,ADUS,62.27,11978,62.04,62.33,61.35,62.55
10:15,AEY,1.36,107,1.37,1.36,1.36,1.36
10:15,IOTS,5.99,4386,6.04,6.02,5.94,6.02
10:15,ADIL,2.97,9180,2.94,2.93,2.91,3.04
10:15,ADILW,0.36,2200,0.36,0.3501,0.3501,0.36
10:15,YI,6.35,1605,6.41,6.46,6.35,6.5
10:15,PIH,5.287,400,5.37,5.26,5.287,5.287
10:15,PIHPP,23.25,18,23.26,23.11,,
10:15,TURN,1.87,1064,1.86,1.87,1.87,1.87
10:15,FLWS,18.265,19331,18.21,18.29,18.1,18.38
10:15,BCOW,9.73,1151,9.73,9.74,9.7,9.73
10:15,FCCY,17.6,4,17.6,17.75,17.34,17.63
10:15,SRCE,44.95,2794,44.58,44.5,44.5,44.92
10:15,VNET,7.86,11478,7.91,7.93,7.81,8.01
10:15,TWOU,69.57,60017,68.13,68.23,68.05,69.63
10:15,QFIN,15.032,4992,15.565,15.04,14.99,15.04
10:15,TPNL,7.83,37204,7.93,7.94,7.9,7.965
10:15,JOBS,74.71,82645,73.68,73.58,73.33,74.9
10:15,EGHT,20.34,85419,20.14,20.17,20.16,20.37
10:15,AAON,45.19,30503,44.93,45,44.67,45.31
10:15,ABEO,7.24,38250,7.17,7.18,7.01,7.27
10:15,ABEOW,3.07,1700,3.07,2.84,2.653,3.07
10:15,ABIL,1.672,8696,1.68,1.68,1.665,1.68
10:15,ABMD,285,218659,276.39,277.75,275,283.87
10:15,AXAS,1.325,30303,1.33,1.31,1.31,1.34
10:15,ACIU,5.04,38480,5.02,5.02,5.01,5.09
10:15,ACIA,58.97,445021,55.35,56.59,56.03,59.33
10:15,ACTG,3.24,3488,3.2,3.2,3.24,3.25
10:15,ACHC,29.185,48845,29.2,29.16,28.96,29.42
10:15,ACAD,26.725,79486,26.24,26.27,26.27,26.8
10:15,ACAMU,10,200,10,10,10,10
10:15,ACST,1.033,79027,1.02,1.01,1.01,1.05
10:15,AXDX,20.705,7087,20.69,20.75,20.566,20.864
10:15,XLRN,44.65,27479,44.02,44.11,43.95,44.49
10:15,ARAY,4.66,50716,4.67,4.69,4.62,4.76
10:15,ACRX,3.325,289855,3.24,3.25,3.2,3.33
10:15,ACER,23.89,333,23.89,23.89,23.89,23.89
10:15,ACET,0.1617,213966,0.1629,0.1557,0.155,0.1648
10:15,AKAO,0.4611,312500,0.4713,0.48,0.4518,0.488
10:15,ACHV,3.091,11253,3.15,3.14,3.09,3.145
10:15,ACHN,2.955,100446,2.91,2.91,2.9,2.99
10:15,ACIW,32.88,26132,32.76,32.91,32.9,33.74
10:15,ACRS,6.07,26076,5.98,5.98,5.98,6.15
10:15,ACMR,15.12,6277,15.08,15.08,15.05,15.187
10:15,ACNB,36.12,501,35.8,36.12,36.12,36.12
10:15,ACOR,13.04,43042,13.04,13.07,12.89,13.14
10:15,ATVI,45.415,1288103,45.52,45.34,45.01,45.705
10:15,ADMS,7.275,63364,7.2,7.21,7.17,7.28
10:15,ADMP,2.05,30774,2.02,2.04,2.04,2.07
10:15,ADAP,4,17746,3.98,3.92,3.87,4.03
10:15,ADUS,62.27,11978,62.04,62.33,61.35,62.55
10:15,AEY,1.36,107,1.37,1.36,1.36,1.36
10:15,IOTS,5.99,4386,6.04,6.02,5.94,6.02
10:15,ADIL,2.97,9180,2.94,2.93,2.91,3.04
10:15,ADILW,0.36,2200,0.36,0.3501,0.3501,0.36
10:15,YI,6.35,1605,6.41,6.46,6.35,6.5
10:15,PIH,5.287,400,5.37,5.26,5.287,5.287
10:15,PIHPP,23.25,18,23.26,23.11,,
10:15,TURN,1.87,1064,1.86,1.87,1.87,1.87
10:15,FLWS,18.265,19331,18.21,18.29,18.1,18.38
10:15,BCOW,9.73,1151,9.73,9.74,9.7,9.73
10:15,FCCY,17.6,4,17.6,17.75,17.34,17.63
10:15,SRCE,44.95,2794,44.58,44.5,44.5,44.92
10:15,VNET,7.86,11478,7.91,7.93,7.81,8.01
10:15,TWOU,69.57,60017,68.13,68.23,68.05,69.63
10:15,QFIN,15.032,4992,15.565,15.04,14.99,15.04
10:15,TPNL,7.83,37204,7.93,7.94,7.9,7.965
10:15,JOBS,74.71,82645,73.68,73.58,73.33,74.9
10:15,EGHT,20.34,85419,20.14,20.17,20.16,20.37
10:15,AAON,45.19,30503,44.93,45,44.67,45.31
10:15,ABEO,7.24,38250,7.17,7.18,7.01,7.27
10:15,ABEOW,3.07,1700,3.07,2.84,2.653,3.07
10:15,ABIL,1.672,8696,1.68,1.68,1.665,1.68
10:15,ABMD,285,218659,276.39,277.75,275,284
10:15,AXAS,1.325,30303,1.33,1.31,1.31,1.34
10:15,ACIU,5.055,38480,5.02,5.02,5.01,5.09
10:15,ACIA,58.935,453811,55.35,56.59,56.03,59.33
10:15,ACTG,3.24,3488,3.2,3.2,3.24,3.25
10:15,ACHC,29.185,50049,29.2,29.16,28.96,29.42
10:15,ACAD,26.725,79486,26.24,26.27,26.27,26.8
10:15,ACAMU,10,200,10,10,10,10
10:15,ACST,1.033,79027,1.02,1.01,1.01,1.05
10:15,AXDX,20.705,7087,20.69,20.75,20.566,20.864
10:15,XLRN,44.65,27479,44.02,44.11,43.95,44.49
10:15,ARAY,4.66,50716,4.67,4.69,4.62,4.76
10:15,ACRX,3.325,294118,3.24,3.25,3.2,3.33
10:15,ACER,23.89,333,23.89,23.89,23.89,23.89
10:15,ACET,0.1617,213966,0.1629,0.1557,0.155,0.1648
10:15,AKAO,0.4622,312500,0.4713,0.48,0.4518,0.488
10:15,ACHV,3.1,11853,3.15,3.14,3.09,3.145
10:15,ACHN,2.955,100446,2.91,2.91,2.9,2.99
10:15,ACIW,32.88,26132,32.76,32.91,32.9,33.74
10:15,ACRS,6.07,26076,5.98,5.98,5.98,6.15
10:15,ACMR,15.12,6277,15.08,15.08,15.05,15.187
10:15,ACNB,36.12,501,35.8,36.12,36.12,36.12
10:15,ACOR,13.04,43042,13.04,13.07,12.89,13.14
10:15,ATVI,45.44,1297454,45.52,45.34,45.01,45.705
10:15,ADMS,7.275,63364,7.2,7.21,7.17,7.28
10:15,ADMP,2.05,30774,2.02,2.04,2.04,2.07
10:15,ADAP,4,17746,3.98,3.92,3.87,4.03
10:15,ADUS,62.27,11978,62.04,62.33,61.35,62.65
10:15,AEY,1.36,107,1.37,1.36,1.36,1.36
10:15,IOTS,5.99,4386,6.04,6.02,5.94,6.02
10:15,ADIL,2.97,9180,2.94,2.93,2.91,3.04
10:15,ADILW,0.36,2200,0.36,0.3501,0.3501,0.36
10:15,YI,6.35,1605,6.41,6.46,6.35,6.5
10:15,PIH,5.287,400,5.37,5.26,5.287,5.287
10:15,PIHPP,23.25,18,23.26,23.11,,
10:15,TURN,1.87,1064,1.86,1.87,1.87,1.87
10:15,FLWS,18.265,20052,18.21,18.29,18.1,18.38
